0,-52.0,-57.0,-50.0,-52.0,-65.0,-79.0,-77.0,1
1,-63.0,-57.0,-55.0,-63.0,-49.0,-88.0,-81.0,0
2,-62.0,-57.0,-58.0,-63.0,-70.0,-85.0,-86.0,3
3,-61.0,-56.0,-52.0,-62.0,-52.0,-82.0,-87.0,0
4,-48.0,-51.0,-54.0,-51.0,-58.0,-80.0,-77.0,1
5,-48.0,-55.0,-53.0,-51.0,-63.0,-82.0,-86.0,1
6,-45.0,-60.0,-56.0,-54.0,-59.0,-84.0,-85.0,1
7,-59.0,-57.0,-60.0,-60.0,-63.0,-81.0,-77.0,3
8,-37.0,-56.0,-58.0,-36.0,-80.0,-72.0,-70.0,2
9,-51.0,-58.0,-52.0,-48.0,-68.0,-86.0,-84.0,1
10,-62.0,-53.0,-48.0,-61.0,-50.0,-85.0,-86.0,0
11,-60.0,-57.0,-58.0,-66.0,-65.0,-77.0,-80.0,3
12,-45.0,-50.0,-52.0,-53.0,-61.0,-75.0,-79.0,1
13,-52.0,-55.0,-52.0,-43.0,-61.0,-86.0,-83.0,1
14,-37.0,-56.0,-55.0,-38.0,-71.0,-75.0,-78.0,2
15,-65.0,-59.0,-61.0,-67.0,-72.0,-86.0,-81.0,3
16,-65.0,-56.0,-63.0,-71.0,-77.0,-89.0,-85.0,3
17,-48.0,-56.0,-55.0,-46.0,-65.0,-86.0,-79.0,1
18,-53.0,-56.0,-55.0,-51.0,-62.0,-78.0,-82.0,1
19,-56.0,-55.0,-54.0,-61.0,-46.0,-79.0,-79.0,0
20,-58.0,-56.0,-51.0,-59.0,-65.0,-81.0,-84.0,1
21,-59.0,-51.0,-56.0,-59.0,-51.0,-87.0,-86.0,0
22,-57.0,-57.0,-50.0,-59.0,-54.0,-85.0,-81.0,0
23,-47.0,-56.0,-58.0,-56.0,-62.0,-81.0,-83.0,1
24,-62.0,-57.0,-61.0,-63.0,-65.0,-83.0,-82.0,3
25,-52.0,-50.0,-53.0,-54.0,-68.0,-76.0,-85.0,1
26,-49.0,-56.0,-54.0,-55.0,-62.0,-78.0,-81.0,1
27,-58.0,-58.0,-51.0,-57.0,-49.0,-86.0,-90.0,0
28,-49.0,-56.0,-47.0,-50.0,-58.0,-77.0,-84.0,1
29,-48.0,-50.0,-54.0,-51.0,-59.0,-77.0,-75.0,1
30,-36.0,-54.0,-54.0,-37.0,-66.0,-75.0,-71.0,2
31,-62.0,-55.0,-57.0,-62.0,-70.0,-82.0,-86.0,3
32,-61.0,-57.0,-63.0,-67.0,-72.0,-77.0,-82.0,3
33,-56.0,-54.0,-50.0,-58.0,-50.0,-83.0,-85.0,0
34,-68.0,-55.0,-63.0,-61.0,-74.0,-79.0,-85.0,3
35,-47.0,-58.0,-56.0,-51.0,-70.0,-81.0,-86.0,1
36,-59.0,-52.0,-56.0,-59.0,-51.0,-89.0,-87.0,0
37,-39.0,-56.0,-53.0,-40.0,-69.0,-75.0,-72.0,2
38,-42.0,-54.0,-52.0,-40.0,-61.0,-73.0,-71.0,2
39,-60.0,-52.0,-48.0,-61.0,-48.0,-83.0,-84.0,0
40,-38.0,-51.0,-53.0,-37.0,-67.0,-67.0,-68.0,2
41,-35.0,-59.0,-57.0,-27.0,-61.0,-71.0,-76.0,2
42,-64.0,-56.0,-64.0,-67.0,-77.0,-81.0,-85.0,3
43,-41.0,-56.0,-60.0,-39.0,-72.0,-74.0,-66.0,2
44,-58.0,-57.0,-66.0,-61.0,-68.0,-85.0,-83.0,3
45,-52.0,-51.0,-47.0,-49.0,-64.0,-80.0,-78.0,1
46,-65.0,-61.0,-63.0,-63.0,-69.0,-82.0,-84.0,3
47,-61.0,-52.0,-43.0,-60.0,-47.0,-89.0,-85.0,0
48,-52.0,-52.0,-50.0,-49.0,-66.0,-77.0,-88.0,1
49,-60.0,-52.0,-59.0,-65.0,-66.0,-82.0,-80.0,3
50,-61.0,-59.0,-52.0,-55.0,-48.0,-91.0,-84.0,0
51,-56.0,-60.0,-55.0,-55.0,-53.0,-88.0,-85.0,0
52,-36.0,-50.0,-58.0,-41.0,-74.0,-74.0,-69.0,2
53,-65.0,-58.0,-67.0,-67.0,-70.0,-87.0,-84.0,3
54,-34.0,-53.0,-56.0,-18.0,-70.0,-76.0,-75.0,2
55,-49.0,-54.0,-52.0,-56.0,-60.0,-85.0,-73.0,1
56,-62.0,-59.0,-62.0,-63.0,-65.0,-87.0,-87.0,3
57,-42.0,-53.0,-50.0,-44.0,-71.0,-68.0,-64.0,2
58,-50.0,-56.0,-56.0,-60.0,-60.0,-78.0,-86.0,1
59,-62.0,-54.0,-60.0,-61.0,-71.0,-86.0,-80.0,3
60,-59.0,-52.0,-44.0,-57.0,-49.0,-85.0,-87.0,0
61,-61.0,-56.0,-57.0,-56.0,-75.0,-74.0,-81.0,3
62,-41.0,-58.0,-66.0,-41.0,-73.0,-71.0,-79.0,2
63,-56.0,-55.0,-56.0,-59.0,-64.0,-83.0,-83.0,3
64,-56.0,-55.0,-44.0,-61.0,-51.0,-84.0,-87.0,0
65,-51.0,-52.0,-53.0,-55.0,-64.0,-78.0,-91.0,1
66,-60.0,-53.0,-60.0,-67.0,-64.0,-81.0,-79.0,3
67,-38.0,-50.0,-49.0,-42.0,-69.0,-73.0,-77.0,2
68,-17.0,-56.0,-54.0,-36.0,-66.0,-73.0,-77.0,2
69,-46.0,-55.0,-53.0,-52.0,-57.0,-81.0,-86.0,1
70,-62.0,-59.0,-53.0,-64.0,-44.0,-89.0,-98.0,0
71,-62.0,-58.0,-50.0,-58.0,-47.0,-95.0,-87.0,0
72,-52.0,-56.0,-51.0,-50.0,-65.0,-87.0,-82.0,1
73,-61.0,-57.0,-53.0,-65.0,-50.0,-87.0,-91.0,0
74,-42.0,-61.0,-63.0,-44.0,-74.0,-76.0,-75.0,2
75,-41.0,-59.0,-54.0,-41.0,-58.0,-80.0,-80.0,1
76,-49.0,-52.0,-56.0,-48.0,-55.0,-81.0,-82.0,1
77,-67.0,-56.0,-65.0,-68.0,-69.0,-83.0,-82.0,3
78,-59.0,-60.0,-57.0,-62.0,-67.0,-80.0,-84.0,3
79,-40.0,-59.0,-67.0,-50.0,-68.0,-79.0,-78.0,1
80,-63.0,-59.0,-65.0,-62.0,-65.0,-83.0,-80.0,3
81,-58.0,-55.0,-57.0,-64.0,-47.0,-85.0,-89.0,0
82,-63.0,-55.0,-50.0,-63.0,-50.0,-91.0,-85.0,0
83,-52.0,-57.0,-53.0,-49.0,-61.0,-88.0,-85.0,1
84,-45.0,-56.0,-55.0,-46.0,-68.0,-79.0,-78.0,1
85,-59.0,-57.0,-56.0,-65.0,-49.0,-92.0,-91.0,0
86,-68.0,-51.0,-59.0,-67.0,-65.0,-80.0,-87.0,3
87,-18.0,-62.0,-59.0,-14.0,-73.0,-71.0,-78.0,2
88,-49.0,-53.0,-53.0,-51.0,-64.0,-79.0,-80.0,1
89,-55.0,-54.0,-43.0,-60.0,-51.0,-84.0,-88.0,0
90,-64.0,-59.0,-62.0,-63.0,-69.0,-84.0,-81.0,3
91,-68.0,-63.0,-68.0,-64.0,-74.0,-86.0,-84.0,3
92,-59.0,-54.0,-63.0,-72.0,-75.0,-81.0,-78.0,3
93,-40.0,-52.0,-51.0,-45.0,-64.0,-70.0,-65.0,2
94,-34.0,-61.0,-52.0,-27.0,-61.0,-67.0,-69.0,2
95,-66.0,-60.0,-65.0,-62.0,-70.0,-85.0,-83.0,3
96,-52.0,-60.0,-52.0,-48.0,-70.0,-79.0,-79.0,1
97,-73.0,-61.0,-65.0,-65.0,-77.0,-89.0,-90.0,3
98,-57.0,-53.0,-59.0,-64.0,-71.0,-80.0,-79.0,3
99,-46.0,-58.0,-56.0,-43.0,-70.0,-72.0,-80.0,1
100,-50.0,-52.0,-52.0,-55.0,-67.0,-79.0,-91.0,1
101,-61.0,-56.0,-64.0,-61.0,-72.0,-83.0,-86.0,3
102,-49.0,-53.0,-51.0,-53.0,-67.0,-81.0,-83.0,1
103,-62.0,-52.0,-56.0,-63.0,-64.0,-78.0,-81.0,3
104,-52.0,-55.0,-51.0,-49.0,-62.0,-86.0,-84.0,1
105,-48.0,-55.0,-58.0,-50.0,-63.0,-81.0,-86.0,1
106,-45.0,-50.0,-57.0,-49.0,-63.0,-81.0,-82.0,1
107,-49.0,-62.0,-52.0,-49.0,-63.0,-82.0,-83.0,1
108,-64.0,-55.0,-54.0,-64.0,-68.0,-89.0,-81.0,3
109,-47.0,-55.0,-54.0,-50.0,-72.0,-80.0,-88.0,1
110,-63.0,-58.0,-64.0,-67.0,-74.0,-87.0,-87.0,3
111,-13.0,-55.0,-55.0,-21.0,-70.0,-73.0,-77.0,2
112,-49.0,-52.0,-52.0,-51.0,-63.0,-78.0,-74.0,1
113,-61.0,-55.0,-45.0,-57.0,-53.0,-91.0,-82.0,0
114,-62.0,-58.0,-59.0,-59.0,-67.0,-80.0,-77.0,3
115,-45.0,-55.0,-54.0,-47.0,-63.0,-78.0,-80.0,1
116,-66.0,-60.0,-62.0,-62.0,-70.0,-82.0,-85.0,3
117,-42.0,-58.0,-63.0,-41.0,-75.0,-69.0,-67.0,2
118,-42.0,-54.0,-48.0,-51.0,-64.0,-78.0,-87.0,1
119,-60.0,-51.0,-61.0,-63.0,-64.0,-86.0,-81.0,3
120,-59.0,-60.0,-61.0,-66.0,-66.0,-81.0,-85.0,3
121,-59.0,-57.0,-53.0,-58.0,-55.0,-85.0,-86.0,0
122,-52.0,-52.0,-49.0,-49.0,-58.0,-77.0,-84.0,1
123,-63.0,-59.0,-61.0,-61.0,-66.0,-79.0,-80.0,3
124,-60.0,-58.0,-57.0,-65.0,-69.0,-80.0,-89.0,3
125,-66.0,-56.0,-59.0,-62.0,-67.0,-80.0,-78.0,3
126,-65.0,-58.0,-65.0,-65.0,-74.0,-89.0,-85.0,3
127,-64.0,-58.0,-48.0,-63.0,-42.0,-85.0,-93.0,0
128,-52.0,-54.0,-53.0,-49.0,-63.0,-86.0,-81.0,1
129,-44.0,-52.0,-56.0,-47.0,-63.0,-71.0,-75.0,1
130,-60.0,-59.0,-50.0,-58.0,-45.0,-87.0,-89.0,0
131,-58.0,-55.0,-53.0,-59.0,-52.0,-81.0,-84.0,0
132,-37.0,-59.0,-55.0,-38.0,-65.0,-67.0,-68.0,2
133,-59.0,-50.0,-45.0,-63.0,-49.0,-84.0,-86.0,0
134,-64.0,-59.0,-65.0,-70.0,-84.0,-90.0,-89.0,3
135,-56.0,-51.0,-62.0,-62.0,-71.0,-77.0,-82.0,3
136,-36.0,-60.0,-57.0,-37.0,-80.0,-72.0,-72.0,2
137,-59.0,-59.0,-48.0,-66.0,-50.0,-86.0,-94.0,0
138,-62.0,-51.0,-53.0,-60.0,-67.0,-78.0,-85.0,3
139,-57.0,-61.0,-54.0,-64.0,-48.0,-87.0,-91.0,0
140,-36.0,-56.0,-56.0,-37.0,-59.0,-66.0,-75.0,2
141,-48.0,-58.0,-57.0,-45.0,-73.0,-86.0,-92.0,1
142,-40.0,-55.0,-52.0,-43.0,-60.0,-76.0,-72.0,2
143,-43.0,-59.0,-54.0,-39.0,-63.0,-79.0,-87.0,1
144,-57.0,-50.0,-47.0,-58.0,-46.0,-88.0,-88.0,0
145,-59.0,-54.0,-57.0,-65.0,-62.0,-80.0,-82.0,3
146,-61.0,-58.0,-46.0,-69.0,-53.0,-82.0,-81.0,0
147,-43.0,-55.0,-50.0,-39.0,-61.0,-69.0,-73.0,2
148,-41.0,-52.0,-57.0,-41.0,-63.0,-73.0,-68.0,2
149,-39.0,-55.0,-55.0,-47.0,-80.0,-66.0,-63.0,2
150,-67.0,-55.0,-56.0,-64.0,-50.0,-88.0,-87.0,0
151,-67.0,-60.0,-66.0,-65.0,-75.0,-86.0,-87.0,3
152,-58.0,-61.0,-52.0,-61.0,-53.0,-85.0,-88.0,0
153,-68.0,-57.0,-61.0,-65.0,-71.0,-85.0,-85.0,3
154,-52.0,-57.0,-58.0,-57.0,-68.0,-86.0,-83.0,1
155,-63.0,-57.0,-47.0,-64.0,-49.0,-86.0,-81.0,0
156,-43.0,-47.0,-50.0,-45.0,-65.0,-66.0,-69.0,2
157,-55.0,-56.0,-48.0,-60.0,-55.0,-84.0,-84.0,0
158,-60.0,-54.0,-53.0,-64.0,-47.0,-85.0,-86.0,0
159,-61.0,-56.0,-57.0,-65.0,-54.0,-85.0,-88.0,0
160,-39.0,-55.0,-54.0,-48.0,-76.0,-73.0,-80.0,2
161,-66.0,-57.0,-55.0,-65.0,-48.0,-91.0,-87.0,0
162,-38.0,-58.0,-60.0,-42.0,-66.0,-82.0,-79.0,2
163,-35.0,-57.0,-59.0,-36.0,-63.0,-74.0,-75.0,2
164,-50.0,-57.0,-60.0,-43.0,-66.0,-77.0,-82.0,1
165,-63.0,-52.0,-61.0,-64.0,-75.0,-80.0,-83.0,3
166,-37.0,-53.0,-57.0,-38.0,-71.0,-68.0,-64.0,2
167,-46.0,-52.0,-54.0,-47.0,-64.0,-79.0,-81.0,1
168,-38.0,-58.0,-59.0,-41.0,-65.0,-68.0,-74.0,2
169,-61.0,-57.0,-54.0,-67.0,-52.0,-89.0,-86.0,0
170,-46.0,-47.0,-47.0,-50.0,-65.0,-79.0,-84.0,1
171,-56.0,-54.0,-49.0,-58.0,-48.0,-83.0,-84.0,0
172,-59.0,-51.0,-57.0,-59.0,-52.0,-87.0,-86.0,0
173,-64.0,-52.0,-63.0,-62.0,-71.0,-84.0,-79.0,3
174,-61.0,-54.0,-64.0,-59.0,-68.0,-86.0,-88.0,3
175,-48.0,-54.0,-50.0,-49.0,-61.0,-81.0,-84.0,1
176,-61.0,-57.0,-51.0,-56.0,-49.0,-88.0,-85.0,0
177,-63.0,-58.0,-66.0,-63.0,-68.0,-87.0,-83.0,3
178,-61.0,-61.0,-49.0,-58.0,-54.0,-94.0,-85.0,0
179,-61.0,-57.0,-50.0,-59.0,-46.0,-91.0,-89.0,0
180,-50.0,-52.0,-51.0,-54.0,-67.0,-77.0,-88.0,1
181,-49.0,-49.0,-47.0,-50.0,-59.0,-79.0,-88.0,1
182,-59.0,-54.0,-60.0,-60.0,-66.0,-83.0,-78.0,3
183,-50.0,-54.0,-60.0,-43.0,-74.0,-76.0,-77.0,1
184,-49.0,-59.0,-57.0,-49.0,-67.0,-85.0,-83.0,1
185,-62.0,-54.0,-62.0,-68.0,-80.0,-80.0,-78.0,3
186,-66.0,-54.0,-54.0,-64.0,-47.0,-89.0,-86.0,0
187,-58.0,-53.0,-61.0,-62.0,-64.0,-78.0,-81.0,3
188,-45.0,-58.0,-63.0,-45.0,-80.0,-76.0,-65.0,2
189,-44.0,-59.0,-63.0,-42.0,-72.0,-79.0,-80.0,1
190,-59.0,-52.0,-57.0,-58.0,-50.0,-86.0,-88.0,0
191,-62.0,-58.0,-52.0,-61.0,-41.0,-90.0,-85.0,0
192,-60.0,-51.0,-53.0,-63.0,-42.0,-87.0,-82.0,0
193,-39.0,-56.0,-55.0,-41.0,-62.0,-69.0,-75.0,2
194,-60.0,-53.0,-59.0,-59.0,-53.0,-86.0,-86.0,0
195,-59.0,-52.0,-55.0,-60.0,-55.0,-87.0,-88.0,0
196,-37.0,-61.0,-61.0,-37.0,-71.0,-68.0,-73.0,2
197,-62.0,-55.0,-61.0,-60.0,-63.0,-84.0,-80.0,3
198,-62.0,-57.0,-61.0,-64.0,-68.0,-82.0,-82.0,3
199,-40.0,-63.0,-64.0,-50.0,-64.0,-75.0,-78.0,1
200,-58.0,-57.0,-45.0,-58.0,-42.0,-88.0,-88.0,0
201,-57.0,-61.0,-56.0,-60.0,-53.0,-86.0,-86.0,0
202,-66.0,-58.0,-64.0,-63.0,-73.0,-83.0,-86.0,3
203,-59.0,-55.0,-46.0,-66.0,-50.0,-86.0,-91.0,0
204,-46.0,-51.0,-51.0,-36.0,-67.0,-73.0,-76.0,2
205,-20.0,-63.0,-61.0,-35.0,-70.0,-73.0,-71.0,2
206,-11.0,-59.0,-60.0,-27.0,-70.0,-74.0,-71.0,2
207,-51.0,-62.0,-53.0,-51.0,-64.0,-86.0,-79.0,1
208,-57.0,-54.0,-46.0,-53.0,-44.0,-85.0,-84.0,0
209,-45.0,-58.0,-58.0,-40.0,-70.0,-86.0,-80.0,1
210,-39.0,-58.0,-54.0,-39.0,-62.0,-71.0,-77.0,2
211,-63.0,-57.0,-66.0,-63.0,-68.0,-82.0,-82.0,3
212,-62.0,-57.0,-60.0,-65.0,-72.0,-83.0,-87.0,3
213,-59.0,-51.0,-54.0,-59.0,-55.0,-87.0,-88.0,0
214,-62.0,-51.0,-54.0,-59.0,-64.0,-77.0,-81.0,3
215,-61.0,-62.0,-54.0,-69.0,-46.0,-93.0,-98.0,0
216,-57.0,-56.0,-60.0,-58.0,-70.0,-79.0,-84.0,3
217,-36.0,-55.0,-53.0,-46.0,-63.0,-68.0,-71.0,2
218,-48.0,-55.0,-58.0,-52.0,-64.0,-92.0,-79.0,1
219,-44.0,-58.0,-63.0,-39.0,-80.0,-71.0,-72.0,2
220,-20.0,-56.0,-55.0,-37.0,-61.0,-79.0,-72.0,2
221,-49.0,-54.0,-55.0,-49.0,-63.0,-81.0,-87.0,1
222,-51.0,-53.0,-54.0,-53.0,-62.0,-83.0,-82.0,1
223,-64.0,-60.0,-53.0,-60.0,-48.0,-89.0,-89.0,0
224,-66.0,-55.0,-63.0,-65.0,-68.0,-85.0,-90.0,3
225,-62.0,-59.0,-62.0,-60.0,-68.0,-80.0,-89.0,3
226,-41.0,-58.0,-56.0,-40.0,-73.0,-69.0,-73.0,2
227,-41.0,-60.0,-54.0,-43.0,-73.0,-80.0,-74.0,2
228,-60.0,-57.0,-58.0,-58.0,-50.0,-83.0,-88.0,0
229,-61.0,-54.0,-45.0,-66.0,-45.0,-88.0,-87.0,0
230,-59.0,-55.0,-48.0,-59.0,-52.0,-86.0,-85.0,0
231,-48.0,-52.0,-49.0,-52.0,-63.0,-79.0,-77.0,1
232,-41.0,-57.0,-63.0,-40.0,-73.0,-66.0,-65.0,2
233,-58.0,-55.0,-51.0,-66.0,-54.0,-86.0,-85.0,0
234,-13.0,-54.0,-57.0,-21.0,-77.0,-72.0,-72.0,2
235,-65.0,-56.0,-60.0,-66.0,-74.0,-89.0,-90.0,3
236,-45.0,-57.0,-59.0,-43.0,-71.0,-74.0,-79.0,2
237,-65.0,-60.0,-62.0,-68.0,-69.0,-84.0,-89.0,3
238,-65.0,-59.0,-65.0,-67.0,-89.0,-85.0,-83.0,3
239,-61.0,-58.0,-56.0,-67.0,-50.0,-95.0,-88.0,0
240,-62.0,-56.0,-67.0,-63.0,-68.0,-82.0,-86.0,3
241,-65.0,-62.0,-62.0,-65.0,-77.0,-84.0,-85.0,3
242,-51.0,-53.0,-52.0,-55.0,-68.0,-78.0,-91.0,1
243,-49.0,-61.0,-55.0,-49.0,-62.0,-84.0,-89.0,1
244,-61.0,-55.0,-45.0,-55.0,-56.0,-85.0,-85.0,0
245,-47.0,-55.0,-52.0,-49.0,-59.0,-78.0,-71.0,1
246,-59.0,-59.0,-49.0,-62.0,-47.0,-82.0,-81.0,0
247,-61.0,-51.0,-60.0,-63.0,-66.0,-82.0,-87.0,3
248,-59.0,-51.0,-55.0,-59.0,-53.0,-88.0,-88.0,0
249,-18.0,-57.0,-63.0,-16.0,-72.0,-73.0,-66.0,2
250,-41.0,-55.0,-53.0,-37.0,-64.0,-79.0,-76.0,2
251,-59.0,-56.0,-58.0,-66.0,-51.0,-92.0,-88.0,0
252,-65.0,-60.0,-67.0,-66.0,-68.0,-84.0,-89.0,3
253,-42.0,-55.0,-56.0,-43.0,-73.0,-76.0,-75.0,2
254,-59.0,-53.0,-49.0,-56.0,-47.0,-87.0,-82.0,0
255,-49.0,-56.0,-49.0,-52.0,-64.0,-83.0,-80.0,1
256,-59.0,-54.0,-48.0,-62.0,-47.0,-85.0,-89.0,0
257,-63.0,-58.0,-65.0,-66.0,-78.0,-81.0,-88.0,3
258,-47.0,-57.0,-50.0,-45.0,-60.0,-82.0,-84.0,1
259,-49.0,-53.0,-50.0,-45.0,-64.0,-74.0,-85.0,1
260,-43.0,-57.0,-51.0,-52.0,-62.0,-79.0,-77.0,1
261,-53.0,-53.0,-52.0,-55.0,-60.0,-82.0,-84.0,1
262,-59.0,-51.0,-55.0,-59.0,-54.0,-87.0,-88.0,0
263,-36.0,-55.0,-58.0,-37.0,-76.0,-72.0,-69.0,2
264,-43.0,-59.0,-51.0,-53.0,-61.0,-83.0,-85.0,1
265,-37.0,-58.0,-55.0,-38.0,-60.0,-74.0,-76.0,2
266,-65.0,-61.0,-65.0,-67.0,-69.0,-87.0,-84.0,3
267,-17.0,-66.0,-61.0,-37.0,-68.0,-75.0,-77.0,2
268,-57.0,-56.0,-48.0,-66.0,-49.0,-84.0,-91.0,0
269,-57.0,-56.0,-48.0,-60.0,-49.0,-84.0,-88.0,0
270,-62.0,-56.0,-56.0,-61.0,-68.0,-81.0,-86.0,3
271,-58.0,-56.0,-52.0,-58.0,-48.0,-87.0,-85.0,0
272,-17.0,-59.0,-63.0,-15.0,-70.0,-76.0,-85.0,2
273,-61.0,-53.0,-48.0,-62.0,-52.0,-86.0,-85.0,0
274,-58.0,-53.0,-49.0,-60.0,-48.0,-86.0,-91.0,0
275,-64.0,-51.0,-44.0,-61.0,-50.0,-88.0,-85.0,0
276,-57.0,-56.0,-49.0,-58.0,-50.0,-87.0,-85.0,0
277,-37.0,-60.0,-52.0,-38.0,-65.0,-70.0,-70.0,2
278,-61.0,-56.0,-62.0,-67.0,-66.0,-81.0,-88.0,3
279,-45.0,-54.0,-54.0,-48.0,-63.0,-78.0,-82.0,1
280,-63.0,-57.0,-65.0,-71.0,-75.0,-82.0,-86.0,3
281,-62.0,-57.0,-58.0,-65.0,-71.0,-87.0,-86.0,3
282,-63.0,-51.0,-50.0,-63.0,-67.0,-83.0,-79.0,3
283,-46.0,-56.0,-52.0,-51.0,-62.0,-85.0,-81.0,1
284,-36.0,-57.0,-58.0,-36.0,-62.0,-74.0,-73.0,2
285,-46.0,-53.0,-53.0,-43.0,-59.0,-83.0,-78.0,1
286,-59.0,-52.0,-59.0,-61.0,-54.0,-87.0,-89.0,0
287,-50.0,-58.0,-51.0,-52.0,-60.0,-81.0,-79.0,1
288,-60.0,-54.0,-56.0,-65.0,-43.0,-88.0,-87.0,0
289,-66.0,-69.0,-63.0,-69.0,-79.0,-88.0,-86.0,3
290,-53.0,-55.0,-51.0,-49.0,-65.0,-86.0,-84.0,1
291,-64.0,-59.0,-53.0,-63.0,-52.0,-87.0,-83.0,0
292,-59.0,-57.0,-60.0,-58.0,-67.0,-80.0,-79.0,3
293,-53.0,-59.0,-48.0,-57.0,-66.0,-80.0,-77.0,1
294,-61.0,-58.0,-60.0,-64.0,-73.0,-81.0,-82.0,3
295,-61.0,-52.0,-60.0,-61.0,-68.0,-80.0,-84.0,3
296,-55.0,-54.0,-46.0,-60.0,-50.0,-84.0,-86.0,0
297,-37.0,-56.0,-55.0,-45.0,-64.0,-61.0,-69.0,2
298,-58.0,-51.0,-56.0,-58.0,-50.0,-88.0,-88.0,0
299,-61.0,-58.0,-60.0,-61.0,-74.0,-78.0,-83.0,3
300,-62.0,-58.0,-58.0,-63.0,-68.0,-82.0,-84.0,3
301,-58.0,-57.0,-46.0,-56.0,-43.0,-89.0,-85.0,0
302,-63.0,-60.0,-69.0,-65.0,-71.0,-85.0,-86.0,3
303,-59.0,-56.0,-55.0,-59.0,-54.0,-87.0,-88.0,0
304,-37.0,-50.0,-56.0,-39.0,-67.0,-69.0,-70.0,2
305,-36.0,-53.0,-50.0,-37.0,-70.0,-72.0,-72.0,2
306,-51.0,-57.0,-51.0,-51.0,-65.0,-80.0,-80.0,1
307,-59.0,-53.0,-56.0,-59.0,-51.0,-87.0,-89.0,0
308,-56.0,-48.0,-43.0,-62.0,-43.0,-83.0,-82.0,0
309,-35.0,-58.0,-61.0,-38.0,-67.0,-71.0,-71.0,2
310,-59.0,-55.0,-61.0,-65.0,-68.0,-84.0,-84.0,3
311,-68.0,-57.0,-62.0,-68.0,-77.0,-91.0,-86.0,3
312,-46.0,-58.0,-59.0,-40.0,-71.0,-78.0,-76.0,2
313,-55.0,-58.0,-55.0,-54.0,-70.0,-81.0,-87.0,1
314,-57.0,-50.0,-51.0,-59.0,-51.0,-83.0,-84.0,0
315,-52.0,-57.0,-61.0,-59.0,-59.0,-85.0,-85.0,1
316,-57.0,-51.0,-47.0,-61.0,-50.0,-90.0,-88.0,0
317,-68.0,-58.0,-65.0,-65.0,-76.0,-87.0,-82.0,3
318,-47.0,-55.0,-58.0,-50.0,-60.0,-81.0,-84.0,1
319,-56.0,-51.0,-43.0,-59.0,-47.0,-83.0,-89.0,0
320,-58.0,-57.0,-48.0,-64.0,-52.0,-92.0,-87.0,0
321,-35.0,-53.0,-55.0,-47.0,-61.0,-66.0,-71.0,2
322,-62.0,-60.0,-64.0,-74.0,-76.0,-81.0,-91.0,3
323,-60.0,-57.0,-55.0,-65.0,-51.0,-94.0,-86.0,0
324,-61.0,-51.0,-52.0,-56.0,-47.0,-86.0,-90.0,0
325,-61.0,-60.0,-52.0,-57.0,-51.0,-91.0,-86.0,0
326,-58.0,-58.0,-46.0,-57.0,-47.0,-81.0,-80.0,0
327,-59.0,-54.0,-59.0,-64.0,-74.0,-80.0,-81.0,3
328,-67.0,-65.0,-67.0,-68.0,-75.0,-87.0,-84.0,3
329,-59.0,-56.0,-61.0,-66.0,-71.0,-83.0,-82.0,3
330,-40.0,-59.0,-57.0,-43.0,-74.0,-65.0,-66.0,2
331,-43.0,-55.0,-54.0,-42.0,-58.0,-71.0,-72.0,2
332,-62.0,-55.0,-54.0,-62.0,-69.0,-79.0,-81.0,3
333,-39.0,-56.0,-54.0,-48.0,-61.0,-78.0,-67.0,2
334,-64.0,-55.0,-52.0,-74.0,-53.0,-89.0,-80.0,0
335,-63.0,-57.0,-59.0,-67.0,-71.0,-82.0,-93.0,3
336,-53.0,-57.0,-50.0,-47.0,-62.0,-86.0,-81.0,1
337,-61.0,-58.0,-50.0,-59.0,-52.0,-84.0,-84.0,0
338,-54.0,-53.0,-54.0,-50.0,-63.0,-79.0,-77.0,1
339,-44.0,-56.0,-54.0,-52.0,-63.0,-80.0,-79.0,1
340,-65.0,-56.0,-55.0,-65.0,-68.0,-85.0,-93.0,3
341,-63.0,-57.0,-57.0,-62.0,-51.0,-89.0,-84.0,0
342,-61.0,-57.0,-57.0,-66.0,-55.0,-83.0,-87.0,0
343,-46.0,-46.0,-52.0,-52.0,-57.0,-77.0,-82.0,1
344,-17.0,-74.0,-60.0,-15.0,-73.0,-71.0,-80.0,2
345,-38.0,-60.0,-57.0,-39.0,-70.0,-70.0,-74.0,2
346,-57.0,-54.0,-48.0,-55.0,-47.0,-82.0,-86.0,0
347,-40.0,-56.0,-53.0,-42.0,-65.0,-72.0,-70.0,2
348,-36.0,-57.0,-56.0,-37.0,-69.0,-77.0,-72.0,2
349,-51.0,-57.0,-54.0,-55.0,-62.0,-87.0,-81.0,1
350,-36.0,-51.0,-52.0,-37.0,-70.0,-71.0,-64.0,2
351,-65.0,-60.0,-62.0,-63.0,-75.0,-85.0,-82.0,3
352,-63.0,-52.0,-43.0,-63.0,-51.0,-87.0,-88.0,0
353,-59.0,-51.0,-49.0,-63.0,-45.0,-86.0,-83.0,0
354,-63.0,-58.0,-62.0,-71.0,-74.0,-92.0,-94.0,3
355,-64.0,-51.0,-57.0,-67.0,-68.0,-84.0,-82.0,3
356,-37.0,-57.0,-55.0,-40.0,-75.0,-71.0,-64.0,2
357,-61.0,-59.0,-63.0,-60.0,-69.0,-87.0,-88.0,3
358,-61.0,-58.0,-57.0,-66.0,-49.0,-93.0,-86.0,0
359,-59.0,-57.0,-62.0,-61.0,-68.0,-80.0,-83.0,3
360,-48.0,-53.0,-54.0,-45.0,-61.0,-86.0,-83.0,1
361,-53.0,-48.0,-52.0,-52.0,-59.0,-81.0,-82.0,1
362,-62.0,-55.0,-63.0,-61.0,-68.0,-81.0,-83.0,3
363,-61.0,-54.0,-60.0,-62.0,-66.0,-79.0,-85.0,3
364,-58.0,-54.0,-44.0,-59.0,-47.0,-83.0,-86.0,0
365,-55.0,-49.0,-51.0,-56.0,-50.0,-84.0,-88.0,0
366,-46.0,-57.0,-53.0,-48.0,-58.0,-80.0,-86.0,1
367,-62.0,-60.0,-61.0,-66.0,-69.0,-80.0,-86.0,3
368,-52.0,-56.0,-51.0,-48.0,-64.0,-87.0,-84.0,1
369,-59.0,-50.0,-57.0,-60.0,-49.0,-91.0,-86.0,0
370,-64.0,-50.0,-55.0,-63.0,-66.0,-78.0,-82.0,3
371,-41.0,-58.0,-53.0,-43.0,-61.0,-70.0,-70.0,2
372,-36.0,-59.0,-55.0,-36.0,-65.0,-66.0,-70.0,2
373,-60.0,-58.0,-62.0,-61.0,-62.0,-81.0,-84.0,3
374,-47.0,-58.0,-49.0,-45.0,-66.0,-85.0,-79.0,1
375,-63.0,-51.0,-58.0,-63.0,-68.0,-81.0,-87.0,3
376,-58.0,-54.0,-58.0,-62.0,-75.0,-81.0,-81.0,3
377,-63.0,-53.0,-52.0,-64.0,-47.0,-93.0,-86.0,0
378,-56.0,-52.0,-50.0,-58.0,-57.0,-85.0,-88.0,0
379,-62.0,-62.0,-49.0,-66.0,-47.0,-93.0,-80.0,0
380,-61.0,-55.0,-46.0,-57.0,-46.0,-83.0,-85.0,0
381,-63.0,-48.0,-51.0,-59.0,-69.0,-77.0,-82.0,3
382,-53.0,-54.0,-54.0,-50.0,-61.0,-82.0,-84.0,1
383,-36.0,-55.0,-65.0,-34.0,-66.0,-70.0,-74.0,2
384,-57.0,-60.0,-49.0,-61.0,-54.0,-85.0,-88.0,0
385,-57.0,-53.0,-50.0,-61.0,-56.0,-84.0,-83.0,0
386,-35.0,-54.0,-56.0,-34.0,-61.0,-71.0,-74.0,2
387,-56.0,-50.0,-56.0,-62.0,-61.0,-79.0,-85.0,3
388,-60.0,-55.0,-58.0,-57.0,-75.0,-74.0,-82.0,3
389,-64.0,-57.0,-62.0,-68.0,-71.0,-85.0,-85.0,3
390,-59.0,-49.0,-57.0,-58.0,-65.0,-76.0,-79.0,3
391,-49.0,-59.0,-57.0,-50.0,-72.0,-80.0,-91.0,1
392,-50.0,-51.0,-51.0,-49.0,-63.0,-79.0,-80.0,1
393,-53.0,-58.0,-51.0,-48.0,-63.0,-85.0,-78.0,1
394,-60.0,-51.0,-59.0,-63.0,-68.0,-81.0,-76.0,3
395,-59.0,-51.0,-56.0,-61.0,-50.0,-86.0,-86.0,0
396,-59.0,-55.0,-55.0,-62.0,-47.0,-91.0,-84.0,0
397,-38.0,-54.0,-52.0,-36.0,-63.0,-65.0,-70.0,2
398,-59.0,-50.0,-57.0,-61.0,-51.0,-85.0,-86.0,0
399,-38.0,-55.0,-56.0,-42.0,-66.0,-72.0,-75.0,2
400,-57.0,-52.0,-46.0,-60.0,-43.0,-88.0,-85.0,0
401,-49.0,-52.0,-48.0,-48.0,-59.0,-79.0,-78.0,1
402,-63.0,-57.0,-60.0,-64.0,-72.0,-80.0,-78.0,3
403,-66.0,-58.0,-64.0,-67.0,-71.0,-85.0,-87.0,3
404,-61.0,-50.0,-59.0,-67.0,-65.0,-79.0,-86.0,3
405,-36.0,-60.0,-57.0,-37.0,-68.0,-66.0,-77.0,2
406,-54.0,-61.0,-51.0,-44.0,-63.0,-79.0,-76.0,1
407,-64.0,-57.0,-48.0,-60.0,-39.0,-88.0,-85.0,0
408,-65.0,-62.0,-60.0,-65.0,-68.0,-83.0,-82.0,3
409,-44.0,-60.0,-52.0,-49.0,-63.0,-84.0,-84.0,1
410,-63.0,-56.0,-60.0,-62.0,-70.0,-84.0,-91.0,3
411,-53.0,-53.0,-51.0,-50.0,-66.0,-82.0,-82.0,1
412,-43.0,-58.0,-56.0,-43.0,-67.0,-78.0,-82.0,1
413,-35.0,-52.0,-55.0,-38.0,-62.0,-66.0,-85.0,2
414,-39.0,-52.0,-50.0,-39.0,-61.0,-75.0,-71.0,2
415,-63.0,-58.0,-61.0,-67.0,-69.0,-86.0,-85.0,3
416,-42.0,-60.0,-56.0,-44.0,-74.0,-76.0,-80.0,2
417,-60.0,-58.0,-56.0,-65.0,-68.0,-79.0,-86.0,3
418,-66.0,-52.0,-63.0,-63.0,-68.0,-80.0,-87.0,3
419,-53.0,-55.0,-52.0,-46.0,-63.0,-86.0,-85.0,1
420,-42.0,-53.0,-49.0,-44.0,-74.0,-70.0,-65.0,2
421,-59.0,-57.0,-53.0,-61.0,-63.0,-79.0,-87.0,3
422,-46.0,-52.0,-46.0,-39.0,-74.0,-71.0,-78.0,2
423,-61.0,-56.0,-55.0,-63.0,-52.0,-84.0,-87.0,0
424,-65.0,-53.0,-53.0,-57.0,-64.0,-87.0,-80.0,3
425,-66.0,-58.0,-58.0,-68.0,-73.0,-85.0,-78.0,3
426,-37.0,-54.0,-55.0,-42.0,-63.0,-71.0,-78.0,2
427,-61.0,-57.0,-54.0,-65.0,-52.0,-89.0,-88.0,0
428,-59.0,-50.0,-55.0,-59.0,-53.0,-86.0,-87.0,0
429,-62.0,-49.0,-56.0,-63.0,-67.0,-78.0,-80.0,3
430,-10.0,-58.0,-54.0,-18.0,-70.0,-72.0,-73.0,2
431,-64.0,-55.0,-60.0,-74.0,-66.0,-87.0,-87.0,3
432,-61.0,-54.0,-48.0,-58.0,-47.0,-91.0,-88.0,0
433,-36.0,-52.0,-55.0,-36.0,-69.0,-64.0,-70.0,2
434,-60.0,-57.0,-52.0,-59.0,-47.0,-88.0,-85.0,0
435,-38.0,-56.0,-52.0,-41.0,-76.0,-71.0,-66.0,2
436,-57.0,-55.0,-50.0,-57.0,-49.0,-84.0,-85.0,0
437,-56.0,-55.0,-50.0,-59.0,-62.0,-84.0,-86.0,1
438,-49.0,-49.0,-53.0,-45.0,-58.0,-87.0,-89.0,1
439,-61.0,-55.0,-59.0,-58.0,-66.0,-79.0,-78.0,3
440,-57.0,-58.0,-56.0,-55.0,-71.0,-84.0,-87.0,3
441,-39.0,-59.0,-57.0,-42.0,-75.0,-78.0,-74.0,2
442,-59.0,-53.0,-57.0,-60.0,-51.0,-89.0,-95.0,0
443,-46.0,-53.0,-54.0,-46.0,-63.0,-79.0,-82.0,1
444,-60.0,-55.0,-47.0,-59.0,-54.0,-91.0,-80.0,0
445,-57.0,-54.0,-51.0,-60.0,-47.0,-84.0,-88.0,0
446,-37.0,-56.0,-58.0,-39.0,-66.0,-70.0,-72.0,2
447,-56.0,-51.0,-52.0,-59.0,-48.0,-87.0,-82.0,0
448,-62.0,-63.0,-52.0,-70.0,-48.0,-87.0,-87.0,0
449,-58.0,-51.0,-59.0,-63.0,-69.0,-81.0,-80.0,3
450,-41.0,-55.0,-58.0,-43.0,-60.0,-71.0,-72.0,2
451,-49.0,-52.0,-61.0,-52.0,-61.0,-82.0,-88.0,1
452,-51.0,-57.0,-52.0,-49.0,-60.0,-84.0,-83.0,1
453,-58.0,-53.0,-46.0,-59.0,-50.0,-86.0,-90.0,0
454,-38.0,-58.0,-54.0,-38.0,-67.0,-72.0,-71.0,2
455,-51.0,-54.0,-53.0,-52.0,-63.0,-81.0,-76.0,1
456,-61.0,-56.0,-67.0,-61.0,-69.0,-82.0,-87.0,3
457,-15.0,-58.0,-56.0,-15.0,-74.0,-76.0,-71.0,2
458,-60.0,-50.0,-51.0,-62.0,-49.0,-87.0,-84.0,0
459,-58.0,-52.0,-58.0,-60.0,-52.0,-86.0,-89.0,0
460,-52.0,-56.0,-52.0,-49.0,-61.0,-86.0,-81.0,1
461,-57.0,-56.0,-58.0,-58.0,-66.0,-85.0,-80.0,3
462,-63.0,-63.0,-57.0,-68.0,-71.0,-79.0,-82.0,3
463,-36.0,-55.0,-55.0,-36.0,-60.0,-73.0,-72.0,2
464,-62.0,-56.0,-59.0,-68.0,-74.0,-95.0,-84.0,3
465,-34.0,-55.0,-55.0,-36.0,-62.0,-70.0,-71.0,2
466,-57.0,-52.0,-44.0,-59.0,-51.0,-88.0,-85.0,0
467,-62.0,-58.0,-61.0,-68.0,-70.0,-85.0,-86.0,3
468,-58.0,-56.0,-61.0,-66.0,-75.0,-84.0,-78.0,3
469,-66.0,-56.0,-57.0,-66.0,-73.0,-84.0,-87.0,3
470,-50.0,-53.0,-52.0,-50.0,-64.0,-78.0,-88.0,1
471,-38.0,-54.0,-56.0,-45.0,-56.0,-72.0,-68.0,2
472,-51.0,-52.0,-58.0,-49.0,-60.0,-84.0,-74.0,1
473,-38.0,-53.0,-53.0,-43.0,-78.0,-69.0,-75.0,2
474,-61.0,-51.0,-58.0,-62.0,-71.0,-80.0,-84.0,3
475,-62.0,-59.0,-48.0,-65.0,-51.0,-87.0,-86.0,0
476,-37.0,-60.0,-53.0,-37.0,-64.0,-68.0,-67.0,2
477,-40.0,-56.0,-57.0,-35.0,-84.0,-70.0,-66.0,2
478,-34.0,-48.0,-51.0,-37.0,-70.0,-78.0,-69.0,2
479,-58.0,-57.0,-50.0,-60.0,-47.0,-84.0,-86.0,0
480,-42.0,-52.0,-56.0,-43.0,-64.0,-76.0,-74.0,2
481,-58.0,-52.0,-64.0,-64.0,-66.0,-88.0,-83.0,3
482,-61.0,-52.0,-49.0,-58.0,-51.0,-91.0,-84.0,0
483,-42.0,-55.0,-49.0,-45.0,-64.0,-70.0,-65.0,2
484,-51.0,-62.0,-59.0,-50.0,-66.0,-85.0,-77.0,1
485,-39.0,-54.0,-56.0,-40.0,-70.0,-77.0,-78.0,2
486,-53.0,-62.0,-52.0,-53.0,-65.0,-79.0,-91.0,1
487,-46.0,-53.0,-52.0,-45.0,-62.0,-79.0,-78.0,1
488,-35.0,-58.0,-50.0,-35.0,-62.0,-72.0,-67.0,2
489,-59.0,-57.0,-56.0,-61.0,-52.0,-86.0,-85.0,0
490,-65.0,-60.0,-59.0,-63.0,-76.0,-86.0,-82.0,3
491,-46.0,-51.0,-55.0,-42.0,-62.0,-79.0,-78.0,1
492,-63.0,-53.0,-47.0,-58.0,-46.0,-90.0,-81.0,0
493,-58.0,-59.0,-59.0,-65.0,-65.0,-82.0,-94.0,3
494,-51.0,-62.0,-53.0,-51.0,-67.0,-79.0,-89.0,1
495,-65.0,-57.0,-55.0,-64.0,-50.0,-92.0,-85.0,0
496,-64.0,-54.0,-58.0,-69.0,-65.0,-86.0,-86.0,3
497,-57.0,-53.0,-56.0,-58.0,-68.0,-75.0,-80.0,3
498,-26.0,-55.0,-55.0,-38.0,-71.0,-71.0,-70.0,2
499,-58.0,-51.0,-51.0,-56.0,-54.0,-85.0,-83.0,0
500,-37.0,-59.0,-54.0,-39.0,-72.0,-75.0,-70.0,2
501,-61.0,-53.0,-52.0,-60.0,-72.0,-75.0,-81.0,3
502,-50.0,-57.0,-53.0,-49.0,-67.0,-83.0,-82.0,1
503,-51.0,-55.0,-54.0,-49.0,-60.0,-79.0,-84.0,1
504,-49.0,-60.0,-55.0,-49.0,-63.0,-85.0,-89.0,1
505,-45.0,-52.0,-59.0,-43.0,-71.0,-74.0,-79.0,1
506,-49.0,-52.0,-48.0,-52.0,-62.0,-78.0,-75.0,1
507,-35.0,-58.0,-55.0,-36.0,-62.0,-70.0,-73.0,2
508,-59.0,-55.0,-48.0,-59.0,-46.0,-86.0,-83.0,0
509,-40.0,-55.0,-57.0,-50.0,-66.0,-75.0,-73.0,2
510,-62.0,-56.0,-64.0,-69.0,-75.0,-81.0,-84.0,3
511,-60.0,-56.0,-59.0,-66.0,-68.0,-81.0,-83.0,3
512,-37.0,-58.0,-60.0,-37.0,-75.0,-65.0,-67.0,2
513,-58.0,-53.0,-42.0,-61.0,-51.0,-87.0,-82.0,0
514,-35.0,-54.0,-54.0,-35.0,-59.0,-73.0,-70.0,2
515,-67.0,-61.0,-62.0,-67.0,-77.0,-83.0,-91.0,3
516,-40.0,-58.0,-60.0,-49.0,-72.0,-74.0,-80.0,1
517,-58.0,-52.0,-57.0,-60.0,-52.0,-86.0,-88.0,0
518,-65.0,-59.0,-66.0,-65.0,-68.0,-82.0,-85.0,3
519,-51.0,-53.0,-55.0,-50.0,-67.0,-76.0,-88.0,1
520,-48.0,-55.0,-54.0,-48.0,-67.0,-85.0,-81.0,1
521,-51.0,-64.0,-59.0,-49.0,-71.0,-87.0,-77.0,1
522,-39.0,-54.0,-53.0,-45.0,-68.0,-78.0,-81.0,1
523,-60.0,-63.0,-54.0,-63.0,-47.0,-88.0,-92.0,0
524,-67.0,-59.0,-62.0,-66.0,-80.0,-96.0,-82.0,3
525,-51.0,-58.0,-56.0,-48.0,-61.0,-79.0,-82.0,1
526,-57.0,-58.0,-65.0,-62.0,-77.0,-80.0,-87.0,3
527,-62.0,-53.0,-52.0,-59.0,-48.0,-87.0,-92.0,0
528,-36.0,-59.0,-57.0,-19.0,-70.0,-69.0,-75.0,2
529,-60.0,-57.0,-66.0,-60.0,-68.0,-87.0,-89.0,3
530,-49.0,-53.0,-55.0,-52.0,-57.0,-86.0,-86.0,1
531,-51.0,-60.0,-55.0,-53.0,-72.0,-85.0,-78.0,1
532,-50.0,-57.0,-59.0,-43.0,-62.0,-76.0,-78.0,1
533,-61.0,-55.0,-54.0,-72.0,-45.0,-89.0,-92.0,0
534,-58.0,-56.0,-44.0,-60.0,-47.0,-84.0,-85.0,0
535,-46.0,-56.0,-57.0,-55.0,-66.0,-82.0,-85.0,1
536,-64.0,-60.0,-63.0,-63.0,-72.0,-86.0,-84.0,3
537,-36.0,-55.0,-51.0,-37.0,-75.0,-71.0,-70.0,2
538,-17.0,-63.0,-60.0,-14.0,-72.0,-72.0,-77.0,2
539,-66.0,-59.0,-65.0,-68.0,-75.0,-88.0,-84.0,3
540,-47.0,-57.0,-52.0,-44.0,-67.0,-78.0,-75.0,1
541,-49.0,-54.0,-55.0,-53.0,-66.0,-73.0,-80.0,1
542,-49.0,-49.0,-53.0,-47.0,-57.0,-80.0,-77.0,1
543,-50.0,-52.0,-54.0,-55.0,-64.0,-83.0,-74.0,1
544,-62.0,-64.0,-62.0,-65.0,-75.0,-82.0,-86.0,3
545,-60.0,-57.0,-60.0,-66.0,-76.0,-82.0,-80.0,3
546,-34.0,-62.0,-57.0,-36.0,-61.0,-71.0,-71.0,2
547,-44.0,-54.0,-54.0,-45.0,-73.0,-71.0,-79.0,2
548,-61.0,-56.0,-53.0,-62.0,-63.0,-84.0,-91.0,3
549,-59.0,-53.0,-45.0,-57.0,-45.0,-81.0,-82.0,0
550,-62.0,-63.0,-62.0,-65.0,-68.0,-87.0,-86.0,3
551,-45.0,-58.0,-54.0,-46.0,-69.0,-87.0,-77.0,1
552,-60.0,-57.0,-55.0,-66.0,-69.0,-82.0,-89.0,3
553,-60.0,-54.0,-59.0,-65.0,-66.0,-83.0,-84.0,3
554,-63.0,-56.0,-51.0,-57.0,-45.0,-88.0,-88.0,0
555,-62.0,-54.0,-48.0,-62.0,-48.0,-86.0,-86.0,0
556,-61.0,-62.0,-64.0,-65.0,-73.0,-81.0,-90.0,3
557,-62.0,-56.0,-61.0,-67.0,-67.0,-81.0,-85.0,3
558,-64.0,-59.0,-51.0,-62.0,-51.0,-88.0,-91.0,0
559,-37.0,-54.0,-54.0,-41.0,-64.0,-72.0,-78.0,2
560,-48.0,-57.0,-51.0,-51.0,-60.0,-79.0,-80.0,1
561,-50.0,-56.0,-57.0,-49.0,-68.0,-92.0,-80.0,1
562,-60.0,-54.0,-45.0,-59.0,-45.0,-88.0,-83.0,0
563,-43.0,-55.0,-52.0,-42.0,-60.0,-74.0,-67.0,2
564,-51.0,-53.0,-50.0,-51.0,-66.0,-77.0,-88.0,1
565,-58.0,-54.0,-62.0,-66.0,-76.0,-83.0,-86.0,3
566,-67.0,-56.0,-52.0,-64.0,-51.0,-89.0,-85.0,0
567,-62.0,-59.0,-62.0,-63.0,-74.0,-86.0,-81.0,3
568,-63.0,-58.0,-54.0,-69.0,-43.0,-91.0,-92.0,0
569,-38.0,-59.0,-61.0,-36.0,-68.0,-69.0,-73.0,2
570,-66.0,-57.0,-57.0,-64.0,-69.0,-84.0,-90.0,3
571,-51.0,-51.0,-51.0,-51.0,-65.0,-78.0,-88.0,1
572,-47.0,-53.0,-54.0,-49.0,-63.0,-88.0,-85.0,1
573,-67.0,-55.0,-68.0,-67.0,-74.0,-83.0,-83.0,3
574,-38.0,-55.0,-56.0,-36.0,-64.0,-70.0,-66.0,2
575,-51.0,-51.0,-59.0,-46.0,-60.0,-80.0,-82.0,1
576,-61.0,-55.0,-63.0,-64.0,-69.0,-83.0,-82.0,3
577,-51.0,-55.0,-50.0,-53.0,-62.0,-78.0,-84.0,1
578,-57.0,-52.0,-60.0,-61.0,-66.0,-81.0,-85.0,3
579,-66.0,-55.0,-60.0,-69.0,-66.0,-85.0,-87.0,3
580,-59.0,-57.0,-49.0,-66.0,-41.0,-87.0,-86.0,0
581,-52.0,-53.0,-53.0,-56.0,-64.0,-78.0,-88.0,1
582,-59.0,-57.0,-56.0,-65.0,-49.0,-91.0,-86.0,0
583,-62.0,-53.0,-58.0,-65.0,-67.0,-82.0,-84.0,3
584,-58.0,-53.0,-48.0,-58.0,-54.0,-88.0,-89.0,0
585,-44.0,-55.0,-61.0,-41.0,-66.0,-72.0,-68.0,2
586,-48.0,-54.0,-53.0,-51.0,-61.0,-77.0,-80.0,1
587,-51.0,-58.0,-51.0,-51.0,-62.0,-79.0,-86.0,1
588,-63.0,-48.0,-54.0,-65.0,-67.0,-82.0,-80.0,3
589,-49.0,-54.0,-50.0,-52.0,-60.0,-85.0,-88.0,1
590,-59.0,-55.0,-62.0,-64.0,-68.0,-77.0,-86.0,3
591,-66.0,-56.0,-56.0,-66.0,-49.0,-89.0,-87.0,0
592,-57.0,-55.0,-57.0,-59.0,-48.0,-85.0,-84.0,0
593,-39.0,-52.0,-53.0,-36.0,-61.0,-67.0,-70.0,2
594,-49.0,-56.0,-45.0,-42.0,-66.0,-83.0,-80.0,1
595,-54.0,-46.0,-48.0,-55.0,-48.0,-84.0,-85.0,0
596,-50.0,-49.0,-51.0,-50.0,-61.0,-83.0,-85.0,1
597,-42.0,-56.0,-50.0,-43.0,-68.0,-76.0,-77.0,2
598,-59.0,-58.0,-62.0,-67.0,-65.0,-80.0,-83.0,3
599,-47.0,-54.0,-55.0,-47.0,-66.0,-78.0,-86.0,1
600,-58.0,-56.0,-47.0,-62.0,-36.0,-85.0,-84.0,0
601,-51.0,-47.0,-50.0,-49.0,-59.0,-80.0,-85.0,1
602,-52.0,-60.0,-52.0,-54.0,-66.0,-85.0,-79.0,1
603,-49.0,-52.0,-57.0,-54.0,-59.0,-85.0,-88.0,1
604,-46.0,-53.0,-50.0,-53.0,-64.0,-81.0,-86.0,1
605,-57.0,-51.0,-56.0,-57.0,-50.0,-88.0,-86.0,0
606,-38.0,-62.0,-57.0,-41.0,-77.0,-65.0,-68.0,2
607,-38.0,-53.0,-52.0,-40.0,-63.0,-73.0,-77.0,2
608,-67.0,-57.0,-64.0,-71.0,-75.0,-89.0,-87.0,3
609,-49.0,-59.0,-56.0,-50.0,-63.0,-80.0,-91.0,1
610,-52.0,-54.0,-52.0,-49.0,-63.0,-86.0,-81.0,1
611,-67.0,-64.0,-47.0,-64.0,-50.0,-88.0,-91.0,0
612,-63.0,-57.0,-61.0,-65.0,-73.0,-84.0,-84.0,3
613,-52.0,-54.0,-55.0,-55.0,-60.0,-74.0,-78.0,1
614,-60.0,-59.0,-51.0,-59.0,-53.0,-88.0,-88.0,0
615,-39.0,-51.0,-57.0,-36.0,-64.0,-65.0,-71.0,2
616,-45.0,-53.0,-50.0,-49.0,-67.0,-75.0,-77.0,1
617,-62.0,-51.0,-54.0,-60.0,-74.0,-74.0,-82.0,3
618,-56.0,-53.0,-42.0,-61.0,-49.0,-83.0,-83.0,0
619,-49.0,-56.0,-58.0,-42.0,-77.0,-76.0,-78.0,1
620,-36.0,-57.0,-52.0,-40.0,-66.0,-75.0,-75.0,2
621,-35.0,-58.0,-59.0,-40.0,-75.0,-75.0,-73.0,2
622,-50.0,-55.0,-58.0,-43.0,-73.0,-75.0,-80.0,1
623,-64.0,-58.0,-47.0,-61.0,-52.0,-85.0,-86.0,0
624,-45.0,-58.0,-59.0,-42.0,-66.0,-81.0,-75.0,1
625,-61.0,-59.0,-65.0,-63.0,-74.0,-89.0,-87.0,3
626,-43.0,-55.0,-53.0,-52.0,-60.0,-78.0,-86.0,1
627,-64.0,-57.0,-56.0,-63.0,-68.0,-85.0,-81.0,3
628,-48.0,-58.0,-54.0,-46.0,-66.0,-85.0,-88.0,1
629,-60.0,-57.0,-66.0,-64.0,-70.0,-84.0,-88.0,3
630,-39.0,-54.0,-55.0,-37.0,-61.0,-77.0,-79.0,2
631,-66.0,-55.0,-64.0,-71.0,-75.0,-94.0,-83.0,3
632,-38.0,-55.0,-53.0,-37.0,-72.0,-71.0,-73.0,2
633,-62.0,-59.0,-61.0,-66.0,-75.0,-86.0,-80.0,3
634,-36.0,-57.0,-60.0,-20.0,-71.0,-74.0,-74.0,2
635,-41.0,-58.0,-54.0,-42.0,-71.0,-65.0,-71.0,2
636,-55.0,-50.0,-51.0,-61.0,-48.0,-82.0,-79.0,0
637,-62.0,-59.0,-50.0,-66.0,-54.0,-95.0,-84.0,0
638,-51.0,-55.0,-53.0,-50.0,-63.0,-79.0,-86.0,1
639,-59.0,-52.0,-55.0,-59.0,-52.0,-88.0,-87.0,0
640,-53.0,-58.0,-51.0,-48.0,-63.0,-88.0,-80.0,1
641,-57.0,-54.0,-54.0,-59.0,-51.0,-88.0,-87.0,0
642,-51.0,-52.0,-51.0,-50.0,-69.0,-77.0,-88.0,1
643,-65.0,-60.0,-65.0,-66.0,-73.0,-84.0,-93.0,3
644,-48.0,-55.0,-55.0,-52.0,-65.0,-80.0,-82.0,1
645,-51.0,-55.0,-52.0,-49.0,-64.0,-86.0,-83.0,1
646,-59.0,-53.0,-56.0,-60.0,-53.0,-85.0,-86.0,0
647,-52.0,-56.0,-58.0,-48.0,-59.0,-87.0,-92.0,1
648,-61.0,-57.0,-51.0,-56.0,-46.0,-88.0,-85.0,0
649,-62.0,-49.0,-59.0,-63.0,-62.0,-80.0,-79.0,3
650,-40.0,-50.0,-49.0,-51.0,-65.0,-75.0,-80.0,1
651,-66.0,-56.0,-54.0,-69.0,-65.0,-82.0,-82.0,3
652,-62.0,-53.0,-55.0,-60.0,-68.0,-76.0,-79.0,3
653,-45.0,-58.0,-55.0,-46.0,-69.0,-75.0,-73.0,1
654,-61.0,-60.0,-50.0,-63.0,-45.0,-88.0,-91.0,0
655,-57.0,-55.0,-45.0,-59.0,-50.0,-85.0,-85.0,0
656,-59.0,-59.0,-58.0,-62.0,-64.0,-78.0,-81.0,3
657,-65.0,-52.0,-48.0,-63.0,-48.0,-91.0,-88.0,0
658,-59.0,-57.0,-50.0,-59.0,-50.0,-89.0,-80.0,0
659,-61.0,-56.0,-44.0,-61.0,-49.0,-91.0,-86.0,0
660,-35.0,-53.0,-57.0,-46.0,-64.0,-65.0,-70.0,2
661,-65.0,-57.0,-45.0,-69.0,-48.0,-91.0,-94.0,0
662,-65.0,-54.0,-65.0,-70.0,-74.0,-83.0,-82.0,3
663,-50.0,-54.0,-54.0,-54.0,-66.0,-77.0,-86.0,1
664,-52.0,-56.0,-52.0,-49.0,-63.0,-87.0,-85.0,1
665,-60.0,-57.0,-58.0,-59.0,-70.0,-76.0,-80.0,3
666,-60.0,-53.0,-50.0,-66.0,-39.0,-86.0,-86.0,0
667,-46.0,-52.0,-53.0,-44.0,-60.0,-79.0,-86.0,1
668,-50.0,-57.0,-57.0,-50.0,-70.0,-77.0,-80.0,1
669,-42.0,-54.0,-51.0,-47.0,-64.0,-70.0,-65.0,2
670,-36.0,-61.0,-57.0,-27.0,-71.0,-73.0,-70.0,2
671,-61.0,-56.0,-47.0,-60.0,-48.0,-83.0,-87.0,0
672,-53.0,-47.0,-54.0,-53.0,-59.0,-83.0,-84.0,1
673,-63.0,-57.0,-55.0,-60.0,-50.0,-86.0,-92.0,0
674,-49.0,-58.0,-55.0,-52.0,-60.0,-83.0,-84.0,1
675,-56.0,-50.0,-51.0,-60.0,-58.0,-81.0,-84.0,0
676,-63.0,-54.0,-55.0,-67.0,-71.0,-82.0,-87.0,3
677,-62.0,-63.0,-57.0,-69.0,-71.0,-82.0,-82.0,3
678,-51.0,-52.0,-56.0,-56.0,-63.0,-79.0,-80.0,1
679,-59.0,-52.0,-57.0,-60.0,-54.0,-91.0,-89.0,0
680,-46.0,-59.0,-54.0,-52.0,-67.0,-77.0,-83.0,1
681,-64.0,-56.0,-64.0,-71.0,-75.0,-87.0,-87.0,3
682,-60.0,-58.0,-55.0,-65.0,-50.0,-91.0,-86.0,0
683,-56.0,-58.0,-60.0,-59.0,-66.0,-80.0,-77.0,3
684,-40.0,-53.0,-56.0,-42.0,-69.0,-74.0,-78.0,2
685,-36.0,-59.0,-55.0,-40.0,-65.0,-66.0,-69.0,2
686,-42.0,-54.0,-58.0,-41.0,-63.0,-75.0,-78.0,2
687,-52.0,-53.0,-54.0,-49.0,-63.0,-85.0,-79.0,1
688,-37.0,-59.0,-57.0,-36.0,-64.0,-66.0,-70.0,2
689,-69.0,-59.0,-59.0,-65.0,-78.0,-86.0,-87.0,3
690,-60.0,-53.0,-48.0,-61.0,-46.0,-85.0,-85.0,0
691,-58.0,-56.0,-48.0,-65.0,-49.0,-87.0,-81.0,0
692,-67.0,-61.0,-63.0,-64.0,-71.0,-85.0,-84.0,3
693,-48.0,-58.0,-56.0,-38.0,-65.0,-67.0,-76.0,2
694,-64.0,-56.0,-64.0,-70.0,-80.0,-91.0,-84.0,3
695,-62.0,-58.0,-57.0,-62.0,-72.0,-81.0,-81.0,3
696,-61.0,-57.0,-59.0,-62.0,-69.0,-78.0,-83.0,3
697,-49.0,-52.0,-46.0,-48.0,-60.0,-79.0,-80.0,1
698,-60.0,-56.0,-44.0,-59.0,-46.0,-81.0,-86.0,0
699,-19.0,-59.0,-67.0,-35.0,-65.0,-66.0,-74.0,2
700,-63.0,-57.0,-65.0,-69.0,-77.0,-81.0,-85.0,3
701,-40.0,-55.0,-56.0,-41.0,-70.0,-74.0,-73.0,2
702,-50.0,-54.0,-49.0,-46.0,-64.0,-85.0,-77.0,1
703,-19.0,-57.0,-59.0,-38.0,-66.0,-72.0,-71.0,2
704,-39.0,-54.0,-55.0,-37.0,-71.0,-64.0,-67.0,2
705,-60.0,-54.0,-50.0,-50.0,-60.0,-84.0,-85.0,1
706,-59.0,-51.0,-57.0,-59.0,-53.0,-87.0,-92.0,0
707,-50.0,-57.0,-54.0,-44.0,-67.0,-85.0,-85.0,1
708,-18.0,-53.0,-60.0,-17.0,-71.0,-74.0,-71.0,2
709,-57.0,-51.0,-49.0,-64.0,-52.0,-88.0,-81.0,0
710,-59.0,-55.0,-58.0,-61.0,-67.0,-77.0,-79.0,3
711,-50.0,-55.0,-51.0,-57.0,-58.0,-86.0,-86.0,1
712,-49.0,-64.0,-58.0,-53.0,-70.0,-84.0,-80.0,1
713,-40.0,-53.0,-55.0,-37.0,-71.0,-75.0,-74.0,2
714,-51.0,-54.0,-54.0,-55.0,-58.0,-88.0,-85.0,1
715,-66.0,-56.0,-60.0,-63.0,-74.0,-87.0,-93.0,3
716,-63.0,-57.0,-62.0,-65.0,-76.0,-82.0,-88.0,3
717,-49.0,-53.0,-52.0,-52.0,-64.0,-74.0,-84.0,1
718,-63.0,-54.0,-47.0,-64.0,-50.0,-83.0,-88.0,0
719,-61.0,-57.0,-65.0,-59.0,-67.0,-86.0,-87.0,3
720,-35.0,-54.0,-59.0,-46.0,-62.0,-66.0,-70.0,2
721,-63.0,-53.0,-60.0,-68.0,-67.0,-87.0,-85.0,3
722,-61.0,-59.0,-58.0,-62.0,-65.0,-78.0,-78.0,3
723,-62.0,-56.0,-61.0,-65.0,-74.0,-78.0,-76.0,3
724,-40.0,-53.0,-50.0,-40.0,-62.0,-69.0,-65.0,2
725,-51.0,-51.0,-45.0,-53.0,-59.0,-84.0,-76.0,1
726,-70.0,-59.0,-56.0,-64.0,-46.0,-88.0,-95.0,0
727,-36.0,-57.0,-61.0,-38.0,-63.0,-79.0,-71.0,2
728,-44.0,-57.0,-64.0,-40.0,-75.0,-69.0,-64.0,2
729,-41.0,-58.0,-60.0,-47.0,-70.0,-82.0,-74.0,1
730,-49.0,-55.0,-50.0,-53.0,-62.0,-76.0,-75.0,1
731,-67.0,-57.0,-55.0,-65.0,-49.0,-88.0,-87.0,0
732,-38.0,-54.0,-51.0,-37.0,-66.0,-74.0,-76.0,2
733,-52.0,-53.0,-50.0,-52.0,-63.0,-84.0,-88.0,1
734,-59.0,-59.0,-52.0,-60.0,-51.0,-87.0,-86.0,0
735,-19.0,-53.0,-60.0,-37.0,-69.0,-72.0,-69.0,2
736,-52.0,-52.0,-57.0,-45.0,-67.0,-81.0,-86.0,1
737,-36.0,-55.0,-54.0,-36.0,-67.0,-65.0,-73.0,2
738,-61.0,-59.0,-62.0,-61.0,-66.0,-80.0,-88.0,3
739,-72.0,-62.0,-63.0,-76.0,-81.0,-84.0,-91.0,3
740,-49.0,-53.0,-50.0,-48.0,-67.0,-78.0,-88.0,1
741,-49.0,-55.0,-51.0,-49.0,-63.0,-81.0,-73.0,1
742,-57.0,-56.0,-56.0,-61.0,-70.0,-77.0,-77.0,3
743,-63.0,-59.0,-45.0,-65.0,-47.0,-89.0,-92.0,0
744,-66.0,-57.0,-60.0,-68.0,-74.0,-82.0,-88.0,3
745,-17.0,-56.0,-57.0,-35.0,-71.0,-69.0,-74.0,2
746,-51.0,-55.0,-52.0,-48.0,-63.0,-87.0,-85.0,1
747,-38.0,-56.0,-53.0,-47.0,-61.0,-72.0,-83.0,1
748,-51.0,-54.0,-53.0,-55.0,-66.0,-77.0,-85.0,1
749,-68.0,-58.0,-65.0,-67.0,-83.0,-89.0,-86.0,3
750,-59.0,-56.0,-62.0,-59.0,-67.0,-75.0,-78.0,3
751,-52.0,-56.0,-50.0,-52.0,-60.0,-80.0,-80.0,1
752,-48.0,-47.0,-50.0,-53.0,-61.0,-82.0,-79.0,1
753,-36.0,-56.0,-62.0,-36.0,-80.0,-71.0,-69.0,2
754,-18.0,-57.0,-63.0,-34.0,-72.0,-65.0,-75.0,2
755,-63.0,-57.0,-67.0,-66.0,-79.0,-86.0,-89.0,3
756,-37.0,-56.0,-53.0,-43.0,-63.0,-72.0,-77.0,2
757,-61.0,-61.0,-51.0,-62.0,-54.0,-85.0,-91.0,0
758,-40.0,-56.0,-53.0,-44.0,-69.0,-77.0,-79.0,2
759,-63.0,-57.0,-64.0,-69.0,-75.0,-85.0,-83.0,3
760,-58.0,-49.0,-50.0,-61.0,-51.0,-83.0,-87.0,0
761,-62.0,-51.0,-58.0,-61.0,-63.0,-77.0,-80.0,3
762,-49.0,-54.0,-53.0,-55.0,-67.0,-77.0,-86.0,1
763,-35.0,-58.0,-55.0,-38.0,-61.0,-74.0,-79.0,2
764,-58.0,-57.0,-50.0,-58.0,-50.0,-82.0,-84.0,0
765,-35.0,-56.0,-57.0,-34.0,-60.0,-73.0,-80.0,2
766,-53.0,-68.0,-50.0,-51.0,-77.0,-85.0,-87.0,1
767,-63.0,-60.0,-58.0,-64.0,-66.0,-83.0,-90.0,3
768,-65.0,-57.0,-56.0,-63.0,-48.0,-92.0,-85.0,0
769,-52.0,-54.0,-54.0,-51.0,-63.0,-87.0,-78.0,1
770,-40.0,-50.0,-52.0,-48.0,-68.0,-73.0,-71.0,2
771,-65.0,-53.0,-60.0,-62.0,-69.0,-85.0,-83.0,3
772,-64.0,-61.0,-62.0,-65.0,-70.0,-85.0,-87.0,3
773,-71.0,-62.0,-65.0,-68.0,-83.0,-85.0,-86.0,3
774,-64.0,-56.0,-61.0,-73.0,-66.0,-88.0,-83.0,3
775,-48.0,-57.0,-60.0,-44.0,-71.0,-85.0,-77.0,1
776,-60.0,-56.0,-43.0,-61.0,-50.0,-89.0,-87.0,0
777,-54.0,-54.0,-50.0,-54.0,-60.0,-81.0,-79.0,1
778,-62.0,-59.0,-61.0,-59.0,-69.0,-82.0,-83.0,3
779,-65.0,-58.0,-56.0,-61.0,-49.0,-89.0,-88.0,0
780,-66.0,-58.0,-61.0,-63.0,-73.0,-81.0,-85.0,3
781,-51.0,-52.0,-51.0,-51.0,-65.0,-77.0,-89.0,1
782,-58.0,-54.0,-49.0,-60.0,-55.0,-91.0,-93.0,0
783,-61.0,-59.0,-54.0,-65.0,-66.0,-81.0,-89.0,3
784,-51.0,-56.0,-60.0,-48.0,-60.0,-86.0,-83.0,1
785,-60.0,-57.0,-50.0,-63.0,-49.0,-87.0,-86.0,0
786,-35.0,-55.0,-56.0,-37.0,-66.0,-65.0,-69.0,2
787,-51.0,-52.0,-50.0,-56.0,-67.0,-79.0,-91.0,1
788,-37.0,-50.0,-50.0,-36.0,-58.0,-69.0,-75.0,2
789,-34.0,-54.0,-56.0,-42.0,-68.0,-76.0,-75.0,2
790,-36.0,-58.0,-52.0,-26.0,-61.0,-70.0,-70.0,2
791,-48.0,-51.0,-53.0,-48.0,-64.0,-81.0,-79.0,1
792,-62.0,-57.0,-50.0,-62.0,-49.0,-93.0,-86.0,0
793,-64.0,-58.0,-45.0,-65.0,-51.0,-92.0,-92.0,0
794,-61.0,-61.0,-50.0,-64.0,-51.0,-84.0,-89.0,0
795,-65.0,-61.0,-64.0,-68.0,-77.0,-86.0,-89.0,3
796,-60.0,-55.0,-46.0,-59.0,-49.0,-87.0,-83.0,0
797,-49.0,-58.0,-50.0,-56.0,-64.0,-81.0,-81.0,1
798,-64.0,-54.0,-52.0,-58.0,-52.0,-89.0,-88.0,0
799,-50.0,-57.0,-50.0,-59.0,-62.0,-91.0,-93.0,0
800,-67.0,-52.0,-46.0,-66.0,-47.0,-89.0,-87.0,0
801,-37.0,-54.0,-55.0,-38.0,-72.0,-76.0,-79.0,2
802,-46.0,-54.0,-53.0,-48.0,-71.0,-78.0,-73.0,1
803,-57.0,-54.0,-59.0,-63.0,-65.0,-80.0,-80.0,3
804,-59.0,-54.0,-58.0,-59.0,-63.0,-81.0,-80.0,3
805,-52.0,-48.0,-56.0,-53.0,-62.0,-78.0,-81.0,1
806,-56.0,-50.0,-47.0,-60.0,-50.0,-88.0,-83.0,0
807,-38.0,-52.0,-50.0,-41.0,-69.0,-68.0,-72.0,2
808,-59.0,-50.0,-51.0,-59.0,-51.0,-83.0,-85.0,0
809,-38.0,-56.0,-53.0,-28.0,-71.0,-67.0,-72.0,2
810,-49.0,-53.0,-51.0,-42.0,-63.0,-79.0,-88.0,1
811,-62.0,-58.0,-57.0,-58.0,-69.0,-94.0,-77.0,3
812,-45.0,-59.0,-57.0,-51.0,-62.0,-77.0,-85.0,1
813,-53.0,-56.0,-51.0,-50.0,-61.0,-83.0,-81.0,1
814,-47.0,-57.0,-57.0,-52.0,-62.0,-86.0,-84.0,1
815,-57.0,-50.0,-58.0,-60.0,-51.0,-87.0,-88.0,0
816,-59.0,-52.0,-50.0,-55.0,-55.0,-87.0,-85.0,0
817,-58.0,-50.0,-54.0,-60.0,-53.0,-86.0,-89.0,0
818,-57.0,-59.0,-44.0,-60.0,-56.0,-87.0,-85.0,0
819,-63.0,-58.0,-50.0,-57.0,-46.0,-91.0,-93.0,0
820,-41.0,-57.0,-59.0,-44.0,-65.0,-76.0,-77.0,2
821,-50.0,-56.0,-54.0,-50.0,-71.0,-79.0,-77.0,1
822,-64.0,-59.0,-45.0,-65.0,-51.0,-93.0,-92.0,0
823,-49.0,-57.0,-52.0,-51.0,-60.0,-89.0,-83.0,1
824,-52.0,-60.0,-51.0,-46.0,-63.0,-84.0,-77.0,1
825,-64.0,-54.0,-55.0,-59.0,-52.0,-88.0,-98.0,0
826,-67.0,-56.0,-60.0,-66.0,-73.0,-93.0,-87.0,3
827,-58.0,-52.0,-49.0,-60.0,-47.0,-87.0,-92.0,0
828,-34.0,-60.0,-52.0,-37.0,-71.0,-66.0,-75.0,2
829,-40.0,-54.0,-49.0,-43.0,-62.0,-70.0,-65.0,2
830,-49.0,-56.0,-59.0,-49.0,-74.0,-82.0,-80.0,1
831,-37.0,-61.0,-54.0,-37.0,-66.0,-74.0,-75.0,2
832,-41.0,-57.0,-51.0,-40.0,-66.0,-78.0,-71.0,2
833,-61.0,-58.0,-58.0,-67.0,-50.0,-96.0,-85.0,0
834,-40.0,-58.0,-52.0,-41.0,-66.0,-63.0,-75.0,2
835,-26.0,-57.0,-53.0,-37.0,-67.0,-72.0,-69.0,2
836,-52.0,-61.0,-51.0,-52.0,-66.0,-80.0,-89.0,1
837,-62.0,-54.0,-55.0,-61.0,-63.0,-84.0,-81.0,3
838,-64.0,-57.0,-63.0,-59.0,-68.0,-82.0,-83.0,3
839,-36.0,-55.0,-53.0,-35.0,-64.0,-72.0,-66.0,2
840,-60.0,-62.0,-66.0,-66.0,-71.0,-84.0,-85.0,3
841,-63.0,-58.0,-62.0,-65.0,-68.0,-81.0,-74.0,3
842,-51.0,-60.0,-59.0,-46.0,-68.0,-78.0,-83.0,1
843,-51.0,-60.0,-57.0,-54.0,-64.0,-84.0,-83.0,1
844,-50.0,-52.0,-55.0,-49.0,-64.0,-80.0,-86.0,1
845,-46.0,-60.0,-52.0,-55.0,-61.0,-85.0,-85.0,1
846,-63.0,-58.0,-46.0,-66.0,-49.0,-93.0,-93.0,0
847,-40.0,-57.0,-47.0,-42.0,-64.0,-74.0,-71.0,2
848,-59.0,-52.0,-50.0,-55.0,-49.0,-87.0,-86.0,0
849,-27.0,-59.0,-56.0,-38.0,-62.0,-75.0,-79.0,2
850,-49.0,-53.0,-50.0,-55.0,-59.0,-80.0,-87.0,1
851,-62.0,-53.0,-59.0,-62.0,-66.0,-82.0,-87.0,3
852,-63.0,-59.0,-61.0,-62.0,-78.0,-90.0,-82.0,3
853,-60.0,-55.0,-60.0,-59.0,-67.0,-81.0,-87.0,3
854,-51.0,-59.0,-51.0,-48.0,-67.0,-79.0,-79.0,1
855,-14.0,-58.0,-60.0,-38.0,-74.0,-74.0,-73.0,2
856,-48.0,-46.0,-50.0,-54.0,-63.0,-87.0,-77.0,1
857,-61.0,-56.0,-66.0,-65.0,-71.0,-85.0,-88.0,3
858,-53.0,-57.0,-50.0,-54.0,-60.0,-80.0,-81.0,1
859,-64.0,-56.0,-51.0,-65.0,-49.0,-91.0,-94.0,0
860,-64.0,-57.0,-63.0,-71.0,-77.0,-87.0,-83.0,3
861,-73.0,-62.0,-66.0,-65.0,-81.0,-87.0,-89.0,3
862,-62.0,-53.0,-57.0,-60.0,-69.0,-87.0,-86.0,3
863,-58.0,-59.0,-56.0,-60.0,-50.0,-86.0,-83.0,0
864,-41.0,-52.0,-55.0,-40.0,-62.0,-76.0,-64.0,2
865,-60.0,-55.0,-54.0,-58.0,-55.0,-86.0,-88.0,0
866,-48.0,-58.0,-52.0,-53.0,-61.0,-88.0,-83.0,1
867,-63.0,-54.0,-53.0,-65.0,-52.0,-92.0,-89.0,0
868,-36.0,-55.0,-54.0,-40.0,-71.0,-71.0,-71.0,2
869,-35.0,-54.0,-55.0,-40.0,-61.0,-79.0,-73.0,2
870,-69.0,-59.0,-70.0,-67.0,-75.0,-82.0,-82.0,3
871,-50.0,-54.0,-53.0,-46.0,-66.0,-78.0,-87.0,1
872,-63.0,-58.0,-47.0,-66.0,-48.0,-93.0,-92.0,0
873,-41.0,-53.0,-56.0,-36.0,-62.0,-75.0,-77.0,2
874,-41.0,-59.0,-65.0,-47.0,-75.0,-68.0,-66.0,2
875,-64.0,-56.0,-61.0,-66.0,-71.0,-82.0,-81.0,3
876,-71.0,-64.0,-64.0,-70.0,-78.0,-88.0,-94.0,3
877,-49.0,-50.0,-55.0,-60.0,-61.0,-78.0,-81.0,1
878,-67.0,-57.0,-64.0,-68.0,-75.0,-82.0,-82.0,3
879,-49.0,-62.0,-59.0,-43.0,-78.0,-79.0,-81.0,1
880,-66.0,-59.0,-64.0,-67.0,-77.0,-87.0,-85.0,3
881,-42.0,-54.0,-49.0,-41.0,-63.0,-69.0,-64.0,2
882,-61.0,-51.0,-49.0,-59.0,-56.0,-91.0,-89.0,0
883,-64.0,-55.0,-48.0,-61.0,-50.0,-83.0,-87.0,0
884,-62.0,-53.0,-55.0,-65.0,-49.0,-87.0,-87.0,0
885,-45.0,-58.0,-62.0,-40.0,-73.0,-70.0,-67.0,2
886,-62.0,-57.0,-60.0,-64.0,-67.0,-80.0,-88.0,3
887,-58.0,-58.0,-61.0,-59.0,-69.0,-81.0,-80.0,3
888,-58.0,-54.0,-46.0,-55.0,-50.0,-87.0,-91.0,0
889,-63.0,-55.0,-62.0,-63.0,-70.0,-80.0,-75.0,3
890,-62.0,-57.0,-54.0,-66.0,-71.0,-81.0,-83.0,3
891,-45.0,-55.0,-54.0,-43.0,-71.0,-89.0,-77.0,1
892,-60.0,-53.0,-60.0,-61.0,-69.0,-81.0,-83.0,3
893,-57.0,-53.0,-51.0,-57.0,-48.0,-88.0,-85.0,0
894,-52.0,-52.0,-51.0,-51.0,-74.0,-86.0,-80.0,1
895,-58.0,-59.0,-44.0,-57.0,-54.0,-82.0,-89.0,0
896,-38.0,-63.0,-61.0,-43.0,-64.0,-76.0,-76.0,2
897,-36.0,-52.0,-59.0,-38.0,-64.0,-72.0,-74.0,2
898,-52.0,-58.0,-51.0,-53.0,-60.0,-80.0,-80.0,1
899,-64.0,-58.0,-60.0,-67.0,-68.0,-84.0,-81.0,3
900,-57.0,-56.0,-48.0,-59.0,-47.0,-86.0,-89.0,0
901,-56.0,-52.0,-50.0,-57.0,-53.0,-87.0,-86.0,0
902,-68.0,-57.0,-64.0,-68.0,-77.0,-88.0,-85.0,3
903,-48.0,-57.0,-49.0,-53.0,-62.0,-79.0,-87.0,1
904,-56.0,-53.0,-42.0,-61.0,-55.0,-87.0,-82.0,0
905,-51.0,-52.0,-48.0,-48.0,-62.0,-85.0,-78.0,1
906,-34.0,-57.0,-55.0,-35.0,-59.0,-71.0,-69.0,2
907,-43.0,-54.0,-59.0,-40.0,-68.0,-76.0,-74.0,2
908,-68.0,-57.0,-66.0,-69.0,-76.0,-81.0,-82.0,3
909,-40.0,-52.0,-53.0,-39.0,-61.0,-75.0,-73.0,2
910,-61.0,-55.0,-52.0,-61.0,-44.0,-88.0,-92.0,0
911,-47.0,-53.0,-55.0,-57.0,-62.0,-80.0,-78.0,1
912,-46.0,-55.0,-54.0,-45.0,-62.0,-76.0,-73.0,1
913,-40.0,-55.0,-53.0,-35.0,-64.0,-70.0,-82.0,2
914,-35.0,-59.0,-57.0,-42.0,-66.0,-71.0,-70.0,2
915,-60.0,-58.0,-60.0,-61.0,-73.0,-84.0,-88.0,3
916,-63.0,-53.0,-59.0,-62.0,-45.0,-88.0,-86.0,0
917,-62.0,-61.0,-51.0,-68.0,-48.0,-88.0,-88.0,0
918,-37.0,-55.0,-56.0,-37.0,-67.0,-70.0,-66.0,2
919,-52.0,-56.0,-56.0,-41.0,-63.0,-77.0,-80.0,1
920,-63.0,-54.0,-49.0,-62.0,-43.0,-89.0,-91.0,0
921,-55.0,-50.0,-46.0,-57.0,-48.0,-76.0,-87.0,0
922,-61.0,-54.0,-54.0,-67.0,-60.0,-81.0,-83.0,3
923,-40.0,-57.0,-47.0,-42.0,-69.0,-73.0,-70.0,2
924,-48.0,-57.0,-52.0,-51.0,-62.0,-86.0,-81.0,1
925,-40.0,-56.0,-58.0,-42.0,-67.0,-62.0,-71.0,2
926,-38.0,-57.0,-60.0,-39.0,-68.0,-73.0,-74.0,2
927,-54.0,-55.0,-52.0,-50.0,-58.0,-78.0,-86.0,1
928,-59.0,-56.0,-50.0,-60.0,-52.0,-81.0,-85.0,0
929,-19.0,-60.0,-56.0,-36.0,-63.0,-70.0,-75.0,2
930,-39.0,-59.0,-49.0,-37.0,-68.0,-70.0,-72.0,2
931,-38.0,-54.0,-53.0,-42.0,-69.0,-72.0,-66.0,2
932,-64.0,-58.0,-45.0,-66.0,-48.0,-89.0,-93.0,0
933,-58.0,-60.0,-50.0,-61.0,-50.0,-87.0,-78.0,0
934,-10.0,-57.0,-57.0,-36.0,-73.0,-82.0,-72.0,2
935,-49.0,-50.0,-50.0,-45.0,-64.0,-79.0,-77.0,1
936,-64.0,-55.0,-63.0,-66.0,-76.0,-88.0,-83.0,3
937,-56.0,-56.0,-40.0,-62.0,-50.0,-86.0,-86.0,0
938,-46.0,-58.0,-55.0,-49.0,-64.0,-78.0,-84.0,1
939,-64.0,-60.0,-45.0,-66.0,-52.0,-92.0,-92.0,0
940,-62.0,-52.0,-57.0,-60.0,-70.0,-81.0,-74.0,3
941,-55.0,-50.0,-49.0,-60.0,-45.0,-86.0,-87.0,0
942,-64.0,-59.0,-66.0,-63.0,-74.0,-87.0,-87.0,3
943,-14.0,-59.0,-64.0,-16.0,-79.0,-76.0,-72.0,2
944,-42.0,-59.0,-57.0,-51.0,-62.0,-72.0,-76.0,1
945,-38.0,-59.0,-52.0,-44.0,-69.0,-68.0,-76.0,2
946,-52.0,-52.0,-52.0,-49.0,-62.0,-80.0,-80.0,1
947,-49.0,-54.0,-52.0,-52.0,-63.0,-83.0,-85.0,1
948,-63.0,-58.0,-52.0,-59.0,-51.0,-88.0,-94.0,0
949,-58.0,-55.0,-50.0,-54.0,-48.0,-80.0,-86.0,0
950,-50.0,-56.0,-48.0,-48.0,-63.0,-80.0,-91.0,1
951,-58.0,-51.0,-49.0,-61.0,-48.0,-88.0,-85.0,0
952,-46.0,-57.0,-52.0,-43.0,-69.0,-86.0,-85.0,1
953,-53.0,-58.0,-51.0,-51.0,-62.0,-84.0,-85.0,1
954,-52.0,-61.0,-48.0,-60.0,-51.0,-80.0,-80.0,0
955,-61.0,-56.0,-46.0,-60.0,-50.0,-84.0,-86.0,0
956,-63.0,-58.0,-65.0,-66.0,-73.0,-86.0,-89.0,3
957,-52.0,-58.0,-50.0,-53.0,-64.0,-87.0,-81.0,1
958,-37.0,-56.0,-57.0,-39.0,-61.0,-72.0,-74.0,2
959,-49.0,-50.0,-55.0,-49.0,-54.0,-85.0,-76.0,1
960,-59.0,-52.0,-57.0,-59.0,-50.0,-88.0,-88.0,0
961,-64.0,-59.0,-55.0,-66.0,-44.0,-93.0,-92.0,0
962,-52.0,-56.0,-51.0,-46.0,-63.0,-86.0,-82.0,1
963,-59.0,-49.0,-44.0,-61.0,-45.0,-89.0,-89.0,0
964,-60.0,-55.0,-58.0,-61.0,-72.0,-83.0,-82.0,3
965,-55.0,-51.0,-48.0,-68.0,-51.0,-82.0,-86.0,0
966,-61.0,-55.0,-58.0,-67.0,-69.0,-84.0,-86.0,3
967,-64.0,-52.0,-59.0,-59.0,-66.0,-86.0,-87.0,3
968,-14.0,-55.0,-58.0,-36.0,-67.0,-72.0,-74.0,2
969,-52.0,-51.0,-49.0,-56.0,-65.0,-81.0,-83.0,1
970,-64.0,-54.0,-56.0,-65.0,-74.0,-85.0,-87.0,3
971,-61.0,-54.0,-52.0,-65.0,-49.0,-85.0,-91.0,0
972,-40.0,-58.0,-47.0,-41.0,-65.0,-73.0,-70.0,2
973,-62.0,-53.0,-61.0,-59.0,-74.0,-84.0,-81.0,3
974,-47.0,-54.0,-49.0,-52.0,-58.0,-79.0,-86.0,1
975,-51.0,-53.0,-52.0,-54.0,-65.0,-77.0,-87.0,1
976,-56.0,-53.0,-64.0,-61.0,-72.0,-84.0,-81.0,3
977,-38.0,-58.0,-53.0,-40.0,-63.0,-77.0,-70.0,2
978,-70.0,-64.0,-63.0,-69.0,-83.0,-85.0,-87.0,3
979,-63.0,-56.0,-51.0,-64.0,-49.0,-88.0,-89.0,0
980,-46.0,-54.0,-50.0,-54.0,-59.0,-81.0,-77.0,1
981,-12.0,-54.0,-54.0,-11.0,-70.0,-75.0,-74.0,2
982,-49.0,-55.0,-53.0,-48.0,-61.0,-79.0,-78.0,1
983,-49.0,-56.0,-58.0,-50.0,-64.0,-75.0,-73.0,1
984,-21.0,-61.0,-62.0,-16.0,-76.0,-74.0,-74.0,2
985,-56.0,-56.0,-62.0,-64.0,-70.0,-79.0,-86.0,3
986,-61.0,-58.0,-54.0,-63.0,-47.0,-88.0,-81.0,0
987,-51.0,-54.0,-51.0,-53.0,-60.0,-86.0,-79.0,1
988,-59.0,-52.0,-61.0,-57.0,-69.0,-83.0,-78.0,3
989,-42.0,-55.0,-57.0,-38.0,-71.0,-71.0,-76.0,2
990,-65.0,-61.0,-56.0,-67.0,-50.0,-89.0,-91.0,0
991,-58.0,-55.0,-58.0,-61.0,-64.0,-81.0,-84.0,3
992,-48.0,-56.0,-49.0,-52.0,-60.0,-82.0,-73.0,1
993,-48.0,-57.0,-54.0,-50.0,-66.0,-83.0,-78.0,1
994,-61.0,-52.0,-58.0,-59.0,-70.0,-76.0,-79.0,3
995,-52.0,-57.0,-50.0,-52.0,-60.0,-78.0,-79.0,1
996,-64.0,-60.0,-44.0,-66.0,-52.0,-91.0,-92.0,0
997,-36.0,-54.0,-56.0,-35.0,-61.0,-70.0,-79.0,2
998,-72.0,-59.0,-65.0,-75.0,-81.0,-84.0,-91.0,3
999,-60.0,-52.0,-46.0,-56.0,-48.0,-84.0,-86.0,0
1000,-62.0,-57.0,-59.0,-72.0,-73.0,-86.0,-82.0,3
1001,-38.0,-58.0,-62.0,-41.0,-64.0,-76.0,-73.0,2
1002,-52.0,-60.0,-59.0,-40.0,-60.0,-81.0,-81.0,1
1003,-38.0,-54.0,-55.0,-36.0,-60.0,-71.0,-75.0,2
1004,-68.0,-57.0,-67.0,-68.0,-75.0,-83.0,-83.0,3
1005,-39.0,-54.0,-61.0,-43.0,-75.0,-64.0,-74.0,2
1006,-65.0,-51.0,-49.0,-63.0,-49.0,-92.0,-91.0,0
1007,-67.0,-56.0,-65.0,-68.0,-82.0,-96.0,-89.0,3
1008,-64.0,-66.0,-58.0,-70.0,-50.0,-89.0,-93.0,0
1009,-40.0,-53.0,-49.0,-41.0,-71.0,-66.0,-65.0,2
1010,-52.0,-54.0,-53.0,-50.0,-68.0,-78.0,-85.0,1
1011,-61.0,-50.0,-51.0,-59.0,-55.0,-87.0,-83.0,0
1012,-66.0,-57.0,-65.0,-69.0,-78.0,-85.0,-85.0,3
1013,-51.0,-63.0,-51.0,-52.0,-66.0,-79.0,-89.0,1
1014,-52.0,-56.0,-53.0,-53.0,-70.0,-80.0,-78.0,1
1015,-62.0,-52.0,-59.0,-62.0,-64.0,-80.0,-81.0,3
1016,-38.0,-54.0,-53.0,-36.0,-66.0,-73.0,-75.0,2
1017,-48.0,-53.0,-56.0,-37.0,-59.0,-75.0,-83.0,1
1018,-66.0,-56.0,-56.0,-63.0,-50.0,-89.0,-91.0,0
1019,-61.0,-50.0,-50.0,-58.0,-48.0,-88.0,-87.0,0
1020,-46.0,-53.0,-47.0,-52.0,-57.0,-79.0,-85.0,1
1021,-58.0,-50.0,-55.0,-54.0,-61.0,-84.0,-87.0,1
1022,-37.0,-56.0,-56.0,-38.0,-68.0,-70.0,-66.0,2
1023,-62.0,-59.0,-46.0,-65.0,-45.0,-87.0,-88.0,0
1024,-61.0,-55.0,-55.0,-66.0,-61.0,-83.0,-92.0,3
1025,-51.0,-52.0,-51.0,-51.0,-64.0,-79.0,-89.0,1
1026,-66.0,-59.0,-45.0,-67.0,-52.0,-93.0,-92.0,0
1027,-49.0,-47.0,-51.0,-52.0,-62.0,-89.0,-80.0,1
1028,-61.0,-55.0,-54.0,-69.0,-53.0,-84.0,-89.0,0
1029,-64.0,-52.0,-57.0,-61.0,-66.0,-82.0,-81.0,3
1030,-67.0,-56.0,-55.0,-64.0,-49.0,-91.0,-89.0,0
1031,-50.0,-53.0,-52.0,-50.0,-61.0,-79.0,-83.0,1
1032,-34.0,-54.0,-61.0,-34.0,-70.0,-72.0,-73.0,2
1033,-47.0,-53.0,-49.0,-49.0,-66.0,-76.0,-80.0,1
1034,-62.0,-57.0,-48.0,-63.0,-47.0,-88.0,-84.0,0
1035,-64.0,-55.0,-62.0,-66.0,-65.0,-85.0,-81.0,3
1036,-38.0,-57.0,-55.0,-38.0,-62.0,-67.0,-65.0,2
1037,-41.0,-60.0,-65.0,-51.0,-72.0,-74.0,-78.0,1
1038,-46.0,-57.0,-55.0,-44.0,-65.0,-86.0,-77.0,1
1039,-49.0,-56.0,-51.0,-54.0,-65.0,-79.0,-78.0,1
1040,-59.0,-54.0,-59.0,-59.0,-67.0,-86.0,-80.0,3
1041,-47.0,-46.0,-53.0,-46.0,-59.0,-79.0,-79.0,1
1042,-44.0,-52.0,-51.0,-36.0,-78.0,-72.0,-77.0,2
1043,-48.0,-53.0,-51.0,-50.0,-66.0,-79.0,-86.0,1
1044,-63.0,-59.0,-53.0,-70.0,-46.0,-86.0,-88.0,0
1045,-34.0,-55.0,-58.0,-15.0,-65.0,-73.0,-72.0,2
1046,-57.0,-57.0,-59.0,-61.0,-67.0,-80.0,-83.0,3
1047,-61.0,-60.0,-60.0,-65.0,-67.0,-82.0,-78.0,3
1048,-58.0,-54.0,-53.0,-60.0,-47.0,-82.0,-83.0,0
1049,-52.0,-64.0,-54.0,-54.0,-68.0,-85.0,-79.0,1
1050,-50.0,-54.0,-51.0,-50.0,-66.0,-87.0,-85.0,1
1051,-61.0,-58.0,-60.0,-62.0,-70.0,-81.0,-85.0,3
1052,-40.0,-54.0,-53.0,-36.0,-61.0,-77.0,-74.0,2
1053,-53.0,-58.0,-50.0,-48.0,-64.0,-88.0,-80.0,1
1054,-38.0,-52.0,-62.0,-37.0,-69.0,-73.0,-71.0,2
1055,-51.0,-51.0,-52.0,-57.0,-56.0,-81.0,-77.0,1
1056,-59.0,-53.0,-45.0,-60.0,-51.0,-87.0,-86.0,0
1057,-60.0,-59.0,-58.0,-63.0,-72.0,-82.0,-79.0,3
1058,-58.0,-54.0,-52.0,-61.0,-74.0,-75.0,-82.0,3
1059,-52.0,-55.0,-52.0,-50.0,-61.0,-86.0,-84.0,1
1060,-53.0,-54.0,-53.0,-60.0,-60.0,-86.0,-91.0,0
1061,-61.0,-54.0,-45.0,-54.0,-43.0,-88.0,-80.0,0
1062,-43.0,-53.0,-53.0,-38.0,-63.0,-76.0,-73.0,2
1063,-48.0,-58.0,-55.0,-49.0,-60.0,-80.0,-83.0,1
1064,-43.0,-58.0,-56.0,-41.0,-69.0,-79.0,-78.0,2
1065,-50.0,-58.0,-54.0,-51.0,-60.0,-80.0,-82.0,1
1066,-59.0,-58.0,-48.0,-53.0,-55.0,-80.0,-88.0,0
1067,-64.0,-55.0,-55.0,-66.0,-49.0,-88.0,-88.0,0
1068,-61.0,-56.0,-60.0,-58.0,-67.0,-79.0,-82.0,3
1069,-38.0,-56.0,-55.0,-39.0,-75.0,-71.0,-75.0,2
1070,-62.0,-54.0,-58.0,-64.0,-65.0,-77.0,-85.0,3
1071,-37.0,-59.0,-57.0,-43.0,-73.0,-65.0,-66.0,2
1072,-66.0,-59.0,-47.0,-67.0,-51.0,-94.0,-88.0,0
1073,-42.0,-57.0,-61.0,-43.0,-73.0,-67.0,-66.0,2
1074,-52.0,-56.0,-52.0,-50.0,-65.0,-86.0,-84.0,1
1075,-64.0,-59.0,-51.0,-67.0,-43.0,-88.0,-92.0,0
1076,-43.0,-53.0,-51.0,-42.0,-73.0,-71.0,-66.0,2
1077,-35.0,-57.0,-54.0,-35.0,-64.0,-78.0,-76.0,2
1078,-38.0,-56.0,-56.0,-37.0,-62.0,-67.0,-67.0,2
1079,-64.0,-57.0,-60.0,-70.0,-69.0,-86.0,-83.0,3
1080,-64.0,-54.0,-61.0,-63.0,-65.0,-88.0,-86.0,3
1081,-68.0,-56.0,-65.0,-67.0,-76.0,-87.0,-85.0,3
1082,-62.0,-55.0,-58.0,-62.0,-67.0,-81.0,-77.0,3
1083,-62.0,-60.0,-55.0,-67.0,-43.0,-88.0,-92.0,0
1084,-65.0,-62.0,-49.0,-67.0,-45.0,-88.0,-94.0,0
1085,-39.0,-57.0,-54.0,-38.0,-56.0,-70.0,-72.0,2
1086,-57.0,-53.0,-45.0,-54.0,-52.0,-84.0,-82.0,0
1087,-64.0,-57.0,-53.0,-64.0,-47.0,-88.0,-91.0,0
1088,-61.0,-58.0,-64.0,-61.0,-64.0,-78.0,-82.0,3
1089,-51.0,-53.0,-52.0,-55.0,-67.0,-78.0,-88.0,1
1090,-59.0,-54.0,-56.0,-65.0,-74.0,-79.0,-85.0,3
1091,-56.0,-51.0,-47.0,-51.0,-71.0,-79.0,-75.0,1
1092,-50.0,-52.0,-52.0,-56.0,-67.0,-80.0,-89.0,1
1093,-57.0,-56.0,-47.0,-58.0,-44.0,-88.0,-82.0,0
1094,-74.0,-62.0,-66.0,-70.0,-76.0,-89.0,-87.0,3
1095,-68.0,-55.0,-67.0,-70.0,-76.0,-82.0,-81.0,3
1096,-43.0,-55.0,-55.0,-44.0,-68.0,-76.0,-79.0,1
1097,-65.0,-59.0,-61.0,-67.0,-70.0,-80.0,-83.0,3
1098,-51.0,-52.0,-50.0,-49.0,-60.0,-77.0,-76.0,1
1099,-65.0,-58.0,-61.0,-71.0,-69.0,-87.0,-83.0,3
1100,-50.0,-58.0,-57.0,-42.0,-76.0,-74.0,-80.0,1
1101,-63.0,-57.0,-60.0,-69.0,-49.0,-93.0,-93.0,0
1102,-62.0,-55.0,-59.0,-63.0,-72.0,-76.0,-87.0,3
1103,-63.0,-62.0,-49.0,-63.0,-45.0,-92.0,-86.0,0
1104,-47.0,-58.0,-50.0,-55.0,-64.0,-76.0,-74.0,1
1105,-63.0,-58.0,-66.0,-68.0,-75.0,-90.0,-93.0,3
1106,-64.0,-57.0,-54.0,-69.0,-43.0,-88.0,-92.0,0
1107,-60.0,-54.0,-50.0,-70.0,-48.0,-84.0,-84.0,0
1108,-51.0,-54.0,-44.0,-52.0,-56.0,-79.0,-79.0,1
1109,-42.0,-56.0,-52.0,-36.0,-75.0,-68.0,-81.0,2
1110,-48.0,-52.0,-54.0,-47.0,-61.0,-80.0,-86.0,1
1111,-54.0,-57.0,-50.0,-61.0,-53.0,-83.0,-82.0,0
1112,-48.0,-54.0,-56.0,-49.0,-66.0,-81.0,-80.0,1
1113,-57.0,-56.0,-59.0,-59.0,-64.0,-79.0,-78.0,3
1114,-46.0,-53.0,-51.0,-49.0,-68.0,-79.0,-85.0,1
1115,-41.0,-54.0,-59.0,-41.0,-60.0,-76.0,-74.0,2
1116,-53.0,-56.0,-54.0,-53.0,-62.0,-88.0,-85.0,1
1117,-50.0,-52.0,-52.0,-50.0,-67.0,-78.0,-89.0,1
1118,-49.0,-58.0,-49.0,-51.0,-59.0,-89.0,-79.0,1
1119,-63.0,-58.0,-54.0,-67.0,-43.0,-88.0,-98.0,0
1120,-59.0,-50.0,-55.0,-59.0,-54.0,-88.0,-87.0,0
1121,-51.0,-53.0,-56.0,-56.0,-64.0,-77.0,-88.0,1
1122,-39.0,-52.0,-56.0,-36.0,-64.0,-68.0,-69.0,2
1123,-47.0,-50.0,-53.0,-47.0,-63.0,-76.0,-79.0,1
1124,-42.0,-51.0,-54.0,-41.0,-67.0,-72.0,-77.0,2
1125,-40.0,-55.0,-49.0,-40.0,-61.0,-69.0,-66.0,2
1126,-61.0,-53.0,-50.0,-59.0,-46.0,-84.0,-93.0,0
1127,-57.0,-57.0,-48.0,-59.0,-49.0,-88.0,-88.0,0
1128,-57.0,-57.0,-51.0,-60.0,-53.0,-85.0,-89.0,0
1129,-47.0,-58.0,-56.0,-44.0,-64.0,-80.0,-85.0,1
1130,-42.0,-53.0,-53.0,-42.0,-63.0,-72.0,-72.0,2
1131,-58.0,-56.0,-50.0,-58.0,-47.0,-87.0,-80.0,0
1132,-62.0,-61.0,-52.0,-69.0,-42.0,-88.0,-92.0,0
1133,-51.0,-52.0,-52.0,-56.0,-68.0,-79.0,-87.0,1
1134,-41.0,-57.0,-64.0,-42.0,-74.0,-69.0,-70.0,2
1135,-45.0,-53.0,-55.0,-49.0,-63.0,-78.0,-81.0,1
1136,-58.0,-56.0,-49.0,-60.0,-53.0,-86.0,-91.0,0
1137,-42.0,-55.0,-57.0,-44.0,-69.0,-73.0,-77.0,2
1138,-50.0,-59.0,-55.0,-47.0,-72.0,-79.0,-80.0,1
1139,-47.0,-55.0,-57.0,-50.0,-64.0,-80.0,-85.0,1
1140,-58.0,-55.0,-50.0,-60.0,-48.0,-87.0,-93.0,0
1141,-45.0,-56.0,-60.0,-46.0,-81.0,-79.0,-75.0,1
1142,-50.0,-51.0,-49.0,-48.0,-54.0,-77.0,-77.0,1
1143,-57.0,-54.0,-56.0,-56.0,-68.0,-79.0,-82.0,1
1144,-40.0,-53.0,-53.0,-40.0,-64.0,-64.0,-73.0,2
1145,-59.0,-62.0,-54.0,-62.0,-46.0,-87.0,-91.0,0
1146,-43.0,-57.0,-52.0,-40.0,-58.0,-72.0,-70.0,2
1147,-59.0,-53.0,-49.0,-56.0,-49.0,-83.0,-88.0,0
1148,-64.0,-59.0,-65.0,-64.0,-74.0,-88.0,-90.0,3
1149,-50.0,-62.0,-57.0,-45.0,-62.0,-81.0,-78.0,1
1150,-58.0,-52.0,-50.0,-55.0,-48.0,-87.0,-90.0,0
1151,-63.0,-55.0,-63.0,-62.0,-68.0,-89.0,-85.0,3
1152,-62.0,-53.0,-64.0,-65.0,-69.0,-85.0,-85.0,3
1153,-45.0,-51.0,-50.0,-51.0,-57.0,-80.0,-79.0,1
1154,-58.0,-52.0,-51.0,-59.0,-49.0,-82.0,-86.0,0
1155,-55.0,-66.0,-57.0,-52.0,-70.0,-84.0,-84.0,1
1156,-45.0,-58.0,-65.0,-38.0,-65.0,-66.0,-70.0,2
1157,-49.0,-51.0,-58.0,-45.0,-65.0,-83.0,-84.0,1
1158,-63.0,-56.0,-63.0,-65.0,-72.0,-82.0,-89.0,3
1159,-64.0,-56.0,-60.0,-61.0,-67.0,-78.0,-85.0,3
1160,-40.0,-55.0,-66.0,-39.0,-75.0,-73.0,-78.0,2
1161,-60.0,-54.0,-56.0,-64.0,-70.0,-78.0,-80.0,3
1162,-62.0,-58.0,-59.0,-66.0,-68.0,-87.0,-88.0,3
1163,-60.0,-56.0,-58.0,-65.0,-70.0,-80.0,-87.0,3
1164,-52.0,-56.0,-50.0,-54.0,-59.0,-79.0,-80.0,1
1165,-45.0,-63.0,-57.0,-53.0,-57.0,-81.0,-84.0,1
1166,-51.0,-55.0,-51.0,-48.0,-63.0,-88.0,-84.0,1
1167,-45.0,-60.0,-59.0,-52.0,-57.0,-83.0,-85.0,1
1168,-59.0,-52.0,-56.0,-59.0,-51.0,-89.0,-84.0,0
1169,-61.0,-53.0,-54.0,-58.0,-71.0,-82.0,-86.0,3
1170,-59.0,-51.0,-56.0,-58.0,-51.0,-95.0,-84.0,0
1171,-47.0,-56.0,-54.0,-51.0,-63.0,-81.0,-86.0,1
1172,-55.0,-56.0,-58.0,-53.0,-70.0,-81.0,-88.0,1
1173,-61.0,-60.0,-68.0,-62.0,-77.0,-90.0,-80.0,3
1174,-40.0,-53.0,-51.0,-37.0,-78.0,-73.0,-77.0,2
1175,-48.0,-63.0,-55.0,-42.0,-71.0,-81.0,-79.0,1
1176,-49.0,-53.0,-55.0,-46.0,-59.0,-81.0,-93.0,1
1177,-38.0,-50.0,-71.0,-39.0,-68.0,-78.0,-74.0,2
1178,-65.0,-57.0,-54.0,-70.0,-50.0,-88.0,-85.0,0
1179,-14.0,-56.0,-57.0,-35.0,-68.0,-77.0,-72.0,2
1180,-59.0,-59.0,-52.0,-59.0,-53.0,-87.0,-87.0,0
1181,-36.0,-56.0,-57.0,-46.0,-68.0,-68.0,-70.0,2
1182,-52.0,-53.0,-49.0,-50.0,-69.0,-79.0,-87.0,1
1183,-62.0,-56.0,-63.0,-66.0,-74.0,-82.0,-80.0,3
1184,-62.0,-57.0,-60.0,-61.0,-69.0,-93.0,-90.0,3
1185,-59.0,-55.0,-49.0,-60.0,-42.0,-92.0,-93.0,0
1186,-39.0,-48.0,-51.0,-38.0,-63.0,-69.0,-89.0,2
1187,-65.0,-56.0,-62.0,-62.0,-68.0,-83.0,-90.0,3
1188,-51.0,-52.0,-53.0,-51.0,-59.0,-86.0,-78.0,1
1189,-58.0,-56.0,-56.0,-64.0,-50.0,-82.0,-87.0,0
1190,-53.0,-53.0,-50.0,-55.0,-59.0,-86.0,-81.0,1
1191,-61.0,-59.0,-62.0,-65.0,-66.0,-81.0,-83.0,3
1192,-27.0,-60.0,-56.0,-18.0,-65.0,-68.0,-72.0,2
1193,-49.0,-49.0,-53.0,-48.0,-63.0,-84.0,-88.0,1
1194,-55.0,-53.0,-57.0,-67.0,-64.0,-80.0,-78.0,3
1195,-59.0,-52.0,-57.0,-60.0,-49.0,-86.0,-88.0,0
1196,-18.0,-63.0,-62.0,-38.0,-72.0,-71.0,-73.0,2
1197,-51.0,-52.0,-51.0,-54.0,-61.0,-79.0,-76.0,1
1198,-48.0,-54.0,-52.0,-54.0,-58.0,-87.0,-89.0,1
1199,-48.0,-54.0,-49.0,-59.0,-63.0,-78.0,-80.0,1
1200,-40.0,-57.0,-51.0,-46.0,-65.0,-75.0,-79.0,1
1201,-62.0,-57.0,-44.0,-61.0,-44.0,-89.0,-87.0,0
1202,-59.0,-49.0,-53.0,-59.0,-62.0,-81.0,-83.0,1
1203,-55.0,-57.0,-43.0,-59.0,-53.0,-81.0,-85.0,0
1204,-42.0,-54.0,-49.0,-41.0,-68.0,-71.0,-77.0,2
1205,-61.0,-60.0,-57.0,-61.0,-74.0,-81.0,-82.0,3
1206,-53.0,-57.0,-62.0,-55.0,-60.0,-86.0,-83.0,1
1207,-71.0,-59.0,-52.0,-62.0,-48.0,-91.0,-83.0,0
1208,-60.0,-59.0,-56.0,-63.0,-64.0,-82.0,-81.0,3
1209,-48.0,-52.0,-52.0,-56.0,-68.0,-81.0,-84.0,1
1210,-52.0,-55.0,-52.0,-52.0,-62.0,-82.0,-84.0,1
1211,-61.0,-54.0,-48.0,-64.0,-49.0,-89.0,-81.0,0
1212,-56.0,-53.0,-49.0,-60.0,-48.0,-82.0,-85.0,0
1213,-45.0,-54.0,-48.0,-49.0,-65.0,-78.0,-81.0,1
1214,-45.0,-53.0,-55.0,-50.0,-63.0,-83.0,-82.0,1
1215,-59.0,-53.0,-49.0,-59.0,-45.0,-89.0,-88.0,0
1216,-59.0,-56.0,-49.0,-57.0,-45.0,-88.0,-88.0,0
1217,-51.0,-57.0,-59.0,-45.0,-77.0,-75.0,-81.0,1
1218,-66.0,-59.0,-52.0,-63.0,-59.0,-88.0,-87.0,0
1219,-58.0,-50.0,-61.0,-68.0,-64.0,-85.0,-91.0,3
1220,-45.0,-63.0,-60.0,-53.0,-67.0,-83.0,-85.0,1
1221,-57.0,-52.0,-56.0,-60.0,-52.0,-91.0,-85.0,0
1222,-58.0,-55.0,-58.0,-61.0,-67.0,-78.0,-80.0,3
1223,-44.0,-58.0,-58.0,-41.0,-75.0,-70.0,-64.0,2
1224,-37.0,-58.0,-53.0,-43.0,-76.0,-66.0,-69.0,2
1225,-38.0,-55.0,-54.0,-42.0,-63.0,-78.0,-71.0,2
1226,-59.0,-53.0,-57.0,-59.0,-50.0,-88.0,-88.0,0
1227,-62.0,-59.0,-59.0,-64.0,-65.0,-80.0,-81.0,3
1228,-43.0,-59.0,-63.0,-40.0,-74.0,-66.0,-64.0,2
1229,-63.0,-56.0,-52.0,-65.0,-47.0,-82.0,-92.0,0
1230,-49.0,-52.0,-53.0,-54.0,-65.0,-77.0,-88.0,1
1231,-61.0,-58.0,-48.0,-57.0,-52.0,-91.0,-92.0,0
1232,-64.0,-64.0,-58.0,-75.0,-68.0,-82.0,-80.0,3
1233,-51.0,-53.0,-57.0,-51.0,-60.0,-76.0,-79.0,1
1234,-61.0,-54.0,-56.0,-59.0,-68.0,-82.0,-83.0,3
1235,-58.0,-59.0,-56.0,-64.0,-68.0,-82.0,-87.0,3
1236,-43.0,-52.0,-55.0,-35.0,-61.0,-75.0,-76.0,2
1237,-46.0,-58.0,-54.0,-49.0,-62.0,-81.0,-88.0,1
1238,-47.0,-56.0,-57.0,-52.0,-62.0,-79.0,-87.0,1
1239,-66.0,-54.0,-53.0,-71.0,-48.0,-92.0,-91.0,0
1240,-62.0,-58.0,-54.0,-61.0,-52.0,-88.0,-85.0,0
1241,-51.0,-55.0,-50.0,-50.0,-59.0,-79.0,-85.0,1
1242,-50.0,-59.0,-60.0,-51.0,-64.0,-86.0,-85.0,1
1243,-63.0,-58.0,-50.0,-63.0,-48.0,-91.0,-85.0,0
1244,-61.0,-55.0,-62.0,-62.0,-65.0,-82.0,-81.0,3
1245,-58.0,-56.0,-56.0,-61.0,-52.0,-85.0,-85.0,0
1246,-63.0,-59.0,-57.0,-65.0,-69.0,-80.0,-86.0,3
1247,-66.0,-57.0,-64.0,-61.0,-69.0,-82.0,-88.0,3
1248,-62.0,-56.0,-57.0,-64.0,-65.0,-85.0,-83.0,3
1249,-64.0,-58.0,-49.0,-64.0,-49.0,-92.0,-91.0,0
1250,-34.0,-53.0,-59.0,-36.0,-75.0,-73.0,-69.0,2
1251,-38.0,-51.0,-54.0,-45.0,-67.0,-72.0,-76.0,2
1252,-46.0,-54.0,-53.0,-48.0,-64.0,-78.0,-79.0,1
1253,-59.0,-57.0,-63.0,-66.0,-65.0,-82.0,-78.0,3
1254,-10.0,-58.0,-62.0,-20.0,-73.0,-76.0,-74.0,2
1255,-35.0,-53.0,-62.0,-35.0,-68.0,-70.0,-69.0,2
1256,-63.0,-61.0,-49.0,-58.0,-46.0,-92.0,-83.0,0
1257,-57.0,-59.0,-58.0,-66.0,-67.0,-78.0,-82.0,3
1258,-37.0,-49.0,-57.0,-42.0,-62.0,-64.0,-71.0,2
1259,-42.0,-54.0,-50.0,-45.0,-63.0,-68.0,-64.0,2
1260,-49.0,-55.0,-49.0,-49.0,-60.0,-80.0,-79.0,1
1261,-63.0,-57.0,-52.0,-64.0,-52.0,-88.0,-93.0,0
1262,-37.0,-50.0,-53.0,-42.0,-65.0,-72.0,-71.0,2
1263,-58.0,-54.0,-61.0,-59.0,-68.0,-78.0,-76.0,3
1264,-61.0,-58.0,-53.0,-57.0,-45.0,-86.0,-90.0,0
1265,-58.0,-56.0,-52.0,-54.0,-52.0,-87.0,-84.0,0
1266,-59.0,-54.0,-60.0,-65.0,-66.0,-80.0,-90.0,3
1267,-60.0,-54.0,-54.0,-60.0,-64.0,-88.0,-88.0,3
1268,-59.0,-56.0,-56.0,-65.0,-49.0,-92.0,-88.0,0
1269,-58.0,-50.0,-59.0,-58.0,-68.0,-80.0,-81.0,3
1270,-50.0,-56.0,-53.0,-40.0,-65.0,-86.0,-80.0,1
1271,-47.0,-54.0,-51.0,-47.0,-66.0,-88.0,-80.0,1
1272,-62.0,-58.0,-57.0,-65.0,-68.0,-83.0,-79.0,3
1273,-52.0,-57.0,-53.0,-47.0,-57.0,-80.0,-83.0,1
1274,-40.0,-57.0,-58.0,-38.0,-64.0,-74.0,-79.0,2
1275,-37.0,-53.0,-54.0,-37.0,-67.0,-79.0,-72.0,2
1276,-64.0,-56.0,-48.0,-62.0,-53.0,-88.0,-87.0,0
1277,-65.0,-57.0,-63.0,-71.0,-76.0,-87.0,-86.0,3
1278,-49.0,-54.0,-50.0,-51.0,-66.0,-78.0,-82.0,1
1279,-60.0,-52.0,-49.0,-61.0,-51.0,-85.0,-81.0,0
1280,-62.0,-55.0,-53.0,-65.0,-50.0,-88.0,-93.0,0
1281,-60.0,-54.0,-59.0,-65.0,-73.0,-83.0,-84.0,3
1282,-58.0,-61.0,-56.0,-64.0,-49.0,-83.0,-87.0,0
1283,-67.0,-56.0,-65.0,-66.0,-75.0,-83.0,-81.0,3
1284,-57.0,-57.0,-54.0,-58.0,-56.0,-84.0,-87.0,0
1285,-47.0,-58.0,-55.0,-45.0,-62.0,-79.0,-85.0,1
1286,-54.0,-59.0,-52.0,-63.0,-62.0,-76.0,-81.0,1
1287,-65.0,-56.0,-49.0,-61.0,-44.0,-88.0,-91.0,0
1288,-56.0,-58.0,-48.0,-60.0,-51.0,-85.0,-85.0,0
1289,-66.0,-57.0,-55.0,-65.0,-51.0,-88.0,-88.0,0
1290,-50.0,-56.0,-55.0,-47.0,-63.0,-86.0,-77.0,1
1291,-51.0,-52.0,-49.0,-50.0,-63.0,-79.0,-79.0,1
1292,-57.0,-54.0,-57.0,-61.0,-62.0,-80.0,-79.0,3
1293,-60.0,-59.0,-55.0,-66.0,-66.0,-82.0,-86.0,3
1294,-59.0,-51.0,-54.0,-60.0,-50.0,-87.0,-86.0,0
1295,-62.0,-59.0,-52.0,-69.0,-46.0,-91.0,-98.0,0
1296,-66.0,-57.0,-61.0,-61.0,-73.0,-81.0,-90.0,3
1297,-56.0,-55.0,-59.0,-68.0,-74.0,-84.0,-79.0,3
1298,-52.0,-53.0,-51.0,-55.0,-65.0,-78.0,-88.0,1
1299,-61.0,-60.0,-53.0,-61.0,-52.0,-87.0,-87.0,0
1300,-62.0,-62.0,-55.0,-64.0,-42.0,-86.0,-92.0,0
1301,-46.0,-56.0,-54.0,-51.0,-62.0,-80.0,-79.0,1
1302,-68.0,-55.0,-73.0,-65.0,-76.0,-82.0,-82.0,3
1303,-61.0,-49.0,-42.0,-66.0,-43.0,-80.0,-91.0,0
1304,-57.0,-52.0,-56.0,-62.0,-52.0,-92.0,-85.0,0
1305,-56.0,-53.0,-58.0,-64.0,-71.0,-84.0,-87.0,3
1306,-40.0,-58.0,-49.0,-41.0,-75.0,-71.0,-70.0,2
1307,-49.0,-55.0,-49.0,-49.0,-60.0,-81.0,-81.0,1
1308,-63.0,-54.0,-52.0,-59.0,-44.0,-86.0,-92.0,0
1309,-40.0,-58.0,-57.0,-40.0,-74.0,-79.0,-77.0,2
1310,-41.0,-58.0,-48.0,-40.0,-62.0,-72.0,-76.0,2
1311,-47.0,-64.0,-53.0,-54.0,-60.0,-83.0,-84.0,1
1312,-36.0,-54.0,-54.0,-36.0,-62.0,-71.0,-70.0,2
1313,-69.0,-61.0,-62.0,-62.0,-75.0,-85.0,-84.0,3
1314,-63.0,-61.0,-61.0,-68.0,-72.0,-87.0,-92.0,3
1315,-60.0,-53.0,-60.0,-62.0,-73.0,-81.0,-82.0,3
1316,-66.0,-58.0,-56.0,-66.0,-79.0,-86.0,-93.0,3
1317,-36.0,-54.0,-56.0,-16.0,-61.0,-64.0,-79.0,2
1318,-62.0,-50.0,-57.0,-59.0,-72.0,-82.0,-84.0,3
1319,-61.0,-56.0,-48.0,-62.0,-54.0,-88.0,-86.0,0
1320,-13.0,-60.0,-63.0,-18.0,-70.0,-73.0,-73.0,2
1321,-62.0,-58.0,-49.0,-64.0,-42.0,-86.0,-89.0,0
1322,-56.0,-47.0,-56.0,-61.0,-67.0,-78.0,-88.0,3
1323,-65.0,-59.0,-65.0,-63.0,-68.0,-80.0,-83.0,3
1324,-63.0,-58.0,-59.0,-65.0,-74.0,-86.0,-84.0,3
1325,-56.0,-51.0,-45.0,-54.0,-52.0,-79.0,-85.0,0
1326,-64.0,-59.0,-46.0,-65.0,-48.0,-91.0,-91.0,0
1327,-48.0,-57.0,-53.0,-43.0,-64.0,-81.0,-85.0,1
1328,-59.0,-55.0,-63.0,-67.0,-66.0,-82.0,-86.0,3
1329,-63.0,-57.0,-57.0,-70.0,-50.0,-92.0,-87.0,0
1330,-65.0,-54.0,-57.0,-66.0,-70.0,-82.0,-80.0,3
1331,-38.0,-57.0,-61.0,-38.0,-69.0,-73.0,-70.0,2
1332,-60.0,-60.0,-51.0,-64.0,-53.0,-87.0,-87.0,0
1333,-65.0,-54.0,-53.0,-61.0,-43.0,-84.0,-83.0,0
1334,-41.0,-56.0,-54.0,-41.0,-76.0,-65.0,-68.0,2
1335,-39.0,-51.0,-64.0,-38.0,-71.0,-78.0,-78.0,2
1336,-62.0,-56.0,-61.0,-63.0,-65.0,-83.0,-89.0,3
1337,-63.0,-56.0,-55.0,-60.0,-52.0,-86.0,-98.0,0
1338,-59.0,-52.0,-56.0,-58.0,-55.0,-88.0,-87.0,0
1339,-63.0,-59.0,-61.0,-68.0,-71.0,-81.0,-87.0,3
1340,-69.0,-58.0,-46.0,-66.0,-48.0,-95.0,-93.0,0
1341,-48.0,-47.0,-52.0,-56.0,-61.0,-77.0,-77.0,1
1342,-37.0,-46.0,-51.0,-39.0,-63.0,-69.0,-69.0,2
1343,-36.0,-53.0,-57.0,-40.0,-66.0,-70.0,-69.0,2
1344,-64.0,-59.0,-68.0,-67.0,-74.0,-82.0,-82.0,3
1345,-64.0,-63.0,-56.0,-64.0,-47.0,-92.0,-83.0,0
1346,-50.0,-53.0,-52.0,-55.0,-68.0,-78.0,-86.0,1
1347,-51.0,-56.0,-51.0,-55.0,-62.0,-85.0,-83.0,1
1348,-63.0,-57.0,-59.0,-66.0,-71.0,-82.0,-83.0,3
1349,-42.0,-52.0,-54.0,-35.0,-65.0,-69.0,-73.0,2
1350,-50.0,-49.0,-57.0,-49.0,-61.0,-82.0,-86.0,1
1351,-52.0,-54.0,-51.0,-49.0,-63.0,-87.0,-84.0,1
1352,-56.0,-54.0,-47.0,-59.0,-52.0,-84.0,-91.0,0
1353,-57.0,-52.0,-48.0,-58.0,-51.0,-86.0,-87.0,0
1354,-63.0,-59.0,-51.0,-72.0,-55.0,-96.0,-92.0,0
1355,-64.0,-57.0,-53.0,-61.0,-50.0,-86.0,-98.0,0
1356,-38.0,-53.0,-53.0,-38.0,-66.0,-70.0,-69.0,2
1357,-45.0,-56.0,-57.0,-47.0,-61.0,-76.0,-78.0,1
1358,-46.0,-55.0,-48.0,-52.0,-62.0,-80.0,-79.0,1
1359,-67.0,-57.0,-67.0,-68.0,-75.0,-85.0,-80.0,3
1360,-58.0,-53.0,-52.0,-62.0,-51.0,-85.0,-83.0,0
1361,-70.0,-62.0,-62.0,-67.0,-69.0,-88.0,-86.0,3
1362,-64.0,-56.0,-69.0,-64.0,-73.0,-89.0,-85.0,3
1363,-65.0,-54.0,-56.0,-64.0,-66.0,-79.0,-81.0,3
1364,-36.0,-59.0,-57.0,-35.0,-61.0,-65.0,-80.0,2
1365,-59.0,-53.0,-57.0,-60.0,-51.0,-87.0,-88.0,0
1366,-58.0,-51.0,-59.0,-65.0,-74.0,-86.0,-82.0,3
1367,-49.0,-52.0,-53.0,-49.0,-64.0,-77.0,-83.0,1
1368,-48.0,-60.0,-57.0,-52.0,-61.0,-85.0,-84.0,1
1369,-51.0,-55.0,-46.0,-54.0,-63.0,-84.0,-79.0,1
1370,-60.0,-50.0,-57.0,-60.0,-50.0,-89.0,-86.0,0
1371,-52.0,-57.0,-49.0,-50.0,-66.0,-80.0,-80.0,1
1372,-47.0,-64.0,-57.0,-51.0,-64.0,-85.0,-78.0,1
1373,-50.0,-52.0,-49.0,-45.0,-64.0,-76.0,-78.0,1
1374,-53.0,-54.0,-56.0,-52.0,-63.0,-81.0,-85.0,1
1375,-46.0,-54.0,-53.0,-47.0,-63.0,-85.0,-80.0,1
1376,-58.0,-53.0,-58.0,-64.0,-73.0,-82.0,-82.0,3
1377,-65.0,-51.0,-59.0,-61.0,-66.0,-81.0,-84.0,3
1378,-45.0,-55.0,-57.0,-47.0,-61.0,-78.0,-80.0,1
1379,-12.0,-64.0,-63.0,-18.0,-69.0,-72.0,-74.0,2
1380,-40.0,-54.0,-52.0,-39.0,-65.0,-70.0,-74.0,2
1381,-65.0,-52.0,-46.0,-65.0,-49.0,-88.0,-87.0,0
1382,-47.0,-53.0,-50.0,-52.0,-65.0,-80.0,-78.0,1
1383,-59.0,-54.0,-49.0,-58.0,-52.0,-83.0,-93.0,0
1384,-40.0,-53.0,-50.0,-40.0,-60.0,-69.0,-74.0,2
1385,-53.0,-55.0,-55.0,-53.0,-66.0,-79.0,-86.0,1
1386,-41.0,-57.0,-55.0,-43.0,-65.0,-71.0,-76.0,2
1387,-14.0,-55.0,-57.0,-34.0,-67.0,-71.0,-72.0,2
1388,-43.0,-54.0,-55.0,-41.0,-68.0,-71.0,-74.0,2
1389,-48.0,-66.0,-57.0,-51.0,-70.0,-81.0,-80.0,1
1390,-15.0,-55.0,-57.0,-16.0,-71.0,-72.0,-74.0,2
1391,-66.0,-53.0,-58.0,-63.0,-69.0,-81.0,-80.0,3
1392,-56.0,-55.0,-44.0,-60.0,-51.0,-84.0,-86.0,0
1393,-46.0,-55.0,-58.0,-47.0,-64.0,-78.0,-78.0,1
1394,-40.0,-55.0,-53.0,-36.0,-60.0,-77.0,-77.0,2
1395,-54.0,-55.0,-50.0,-48.0,-64.0,-80.0,-78.0,1
1396,-59.0,-50.0,-59.0,-59.0,-55.0,-85.0,-87.0,0
1397,-63.0,-52.0,-51.0,-56.0,-59.0,-89.0,-84.0,0
1398,-35.0,-55.0,-52.0,-14.0,-71.0,-69.0,-82.0,2
1399,-38.0,-52.0,-59.0,-48.0,-67.0,-64.0,-75.0,2
1400,-37.0,-56.0,-58.0,-45.0,-65.0,-67.0,-72.0,2
1401,-60.0,-51.0,-51.0,-59.0,-54.0,-86.0,-89.0,0
1402,-68.0,-55.0,-66.0,-68.0,-75.0,-82.0,-83.0,3
1403,-12.0,-60.0,-62.0,-14.0,-71.0,-77.0,-71.0,2
1404,-37.0,-54.0,-55.0,-37.0,-67.0,-71.0,-70.0,2
1405,-63.0,-57.0,-53.0,-63.0,-48.0,-85.0,-92.0,0
1406,-37.0,-54.0,-47.0,-36.0,-63.0,-70.0,-70.0,2
1407,-65.0,-58.0,-64.0,-69.0,-81.0,-88.0,-90.0,3
1408,-59.0,-51.0,-58.0,-57.0,-64.0,-76.0,-85.0,3
1409,-58.0,-55.0,-51.0,-61.0,-44.0,-88.0,-86.0,0
1410,-50.0,-56.0,-51.0,-49.0,-67.0,-84.0,-81.0,1
1411,-67.0,-61.0,-63.0,-65.0,-71.0,-81.0,-87.0,3
1412,-57.0,-58.0,-52.0,-66.0,-46.0,-86.0,-90.0,0
1413,-45.0,-53.0,-51.0,-36.0,-78.0,-72.0,-76.0,2
1414,-49.0,-51.0,-53.0,-41.0,-64.0,-77.0,-79.0,1
1415,-58.0,-54.0,-58.0,-58.0,-67.0,-84.0,-88.0,3
1416,-49.0,-62.0,-56.0,-50.0,-63.0,-83.0,-89.0,1
1417,-64.0,-57.0,-60.0,-60.0,-65.0,-80.0,-91.0,3
1418,-52.0,-57.0,-51.0,-55.0,-65.0,-85.0,-85.0,1
1419,-48.0,-61.0,-57.0,-51.0,-67.0,-83.0,-76.0,1
1420,-42.0,-53.0,-50.0,-47.0,-66.0,-80.0,-69.0,1
1421,-48.0,-61.0,-58.0,-44.0,-75.0,-80.0,-89.0,1
1422,-47.0,-51.0,-56.0,-50.0,-60.0,-78.0,-80.0,1
1423,-62.0,-51.0,-58.0,-65.0,-72.0,-80.0,-88.0,3
1424,-58.0,-54.0,-59.0,-62.0,-68.0,-79.0,-87.0,3
1425,-39.0,-51.0,-50.0,-43.0,-63.0,-71.0,-66.0,2
1426,-50.0,-54.0,-51.0,-46.0,-63.0,-79.0,-84.0,1
1427,-48.0,-53.0,-50.0,-55.0,-66.0,-83.0,-82.0,1
1428,-11.0,-63.0,-65.0,-18.0,-70.0,-72.0,-73.0,2
1429,-58.0,-58.0,-51.0,-61.0,-51.0,-85.0,-89.0,0
1430,-45.0,-59.0,-54.0,-51.0,-69.0,-77.0,-85.0,1
1431,-60.0,-58.0,-53.0,-55.0,-53.0,-83.0,-84.0,0
1432,-62.0,-58.0,-52.0,-65.0,-49.0,-89.0,-84.0,0
1433,-59.0,-60.0,-60.0,-62.0,-67.0,-94.0,-77.0,3
1434,-49.0,-64.0,-53.0,-52.0,-63.0,-73.0,-78.0,1
1435,-63.0,-60.0,-60.0,-67.0,-76.0,-85.0,-84.0,3
1436,-68.0,-64.0,-66.0,-73.0,-81.0,-86.0,-83.0,3
1437,-60.0,-57.0,-56.0,-64.0,-52.0,-84.0,-88.0,0
1438,-57.0,-53.0,-54.0,-61.0,-73.0,-86.0,-81.0,3
1439,-52.0,-56.0,-52.0,-44.0,-63.0,-87.0,-84.0,1
1440,-52.0,-55.0,-56.0,-51.0,-69.0,-85.0,-85.0,1
1441,-46.0,-49.0,-51.0,-45.0,-62.0,-79.0,-79.0,1
1442,-50.0,-53.0,-53.0,-54.0,-67.0,-78.0,-86.0,1
1443,-46.0,-60.0,-54.0,-50.0,-62.0,-79.0,-74.0,1
1444,-64.0,-55.0,-52.0,-61.0,-50.0,-92.0,-94.0,0
1445,-52.0,-53.0,-56.0,-49.0,-62.0,-83.0,-80.0,1
1446,-56.0,-55.0,-44.0,-60.0,-49.0,-84.0,-80.0,0
1447,-59.0,-52.0,-58.0,-65.0,-66.0,-82.0,-80.0,3
1448,-49.0,-52.0,-58.0,-46.0,-57.0,-77.0,-77.0,1
1449,-39.0,-54.0,-55.0,-37.0,-64.0,-70.0,-70.0,2
1450,-50.0,-52.0,-53.0,-53.0,-67.0,-86.0,-85.0,1
1451,-38.0,-53.0,-51.0,-39.0,-68.0,-76.0,-72.0,2
1452,-48.0,-47.0,-51.0,-52.0,-60.0,-74.0,-79.0,1
1453,-67.0,-60.0,-59.0,-61.0,-71.0,-86.0,-91.0,3
1454,-13.0,-63.0,-65.0,-16.0,-74.0,-73.0,-74.0,2
1455,-49.0,-52.0,-54.0,-52.0,-60.0,-83.0,-79.0,1
1456,-39.0,-53.0,-56.0,-48.0,-66.0,-69.0,-72.0,2
1457,-55.0,-52.0,-45.0,-62.0,-46.0,-87.0,-85.0,0
1458,-61.0,-54.0,-60.0,-61.0,-74.0,-87.0,-83.0,3
1459,-36.0,-54.0,-57.0,-34.0,-60.0,-69.0,-75.0,2
1460,-40.0,-55.0,-47.0,-47.0,-64.0,-75.0,-79.0,1
1461,-62.0,-56.0,-49.0,-58.0,-45.0,-85.0,-82.0,0
1462,-36.0,-60.0,-53.0,-36.0,-63.0,-70.0,-77.0,2
1463,-65.0,-58.0,-61.0,-62.0,-71.0,-81.0,-86.0,3
1464,-19.0,-63.0,-66.0,-20.0,-79.0,-73.0,-72.0,2
1465,-45.0,-63.0,-57.0,-55.0,-58.0,-79.0,-85.0,1
1466,-63.0,-61.0,-61.0,-63.0,-68.0,-82.0,-83.0,3
1467,-42.0,-57.0,-51.0,-41.0,-69.0,-77.0,-75.0,2
1468,-51.0,-56.0,-51.0,-47.0,-62.0,-79.0,-85.0,1
1469,-14.0,-54.0,-57.0,-15.0,-69.0,-82.0,-71.0,2
1470,-60.0,-54.0,-61.0,-65.0,-70.0,-82.0,-88.0,3
1471,-54.0,-55.0,-50.0,-49.0,-60.0,-84.0,-81.0,1
1472,-58.0,-54.0,-52.0,-61.0,-53.0,-85.0,-89.0,0
1473,-57.0,-49.0,-44.0,-60.0,-50.0,-84.0,-86.0,0
1474,-63.0,-65.0,-60.0,-63.0,-77.0,-81.0,-87.0,3
1475,-42.0,-54.0,-56.0,-39.0,-63.0,-76.0,-78.0,2
1476,-48.0,-57.0,-54.0,-47.0,-66.0,-79.0,-79.0,1
1477,-61.0,-59.0,-56.0,-64.0,-50.0,-85.0,-87.0,0
1478,-40.0,-54.0,-52.0,-35.0,-68.0,-71.0,-76.0,2
1479,-66.0,-57.0,-56.0,-64.0,-49.0,-89.0,-87.0,0
1480,-38.0,-60.0,-57.0,-38.0,-65.0,-79.0,-76.0,2
1481,-44.0,-57.0,-53.0,-46.0,-67.0,-78.0,-79.0,1
1482,-53.0,-56.0,-50.0,-50.0,-67.0,-80.0,-81.0,1
1483,-57.0,-61.0,-53.0,-59.0,-52.0,-87.0,-89.0,0
1484,-45.0,-50.0,-50.0,-55.0,-57.0,-76.0,-75.0,1
1485,-41.0,-59.0,-53.0,-40.0,-62.0,-72.0,-76.0,2
1486,-48.0,-55.0,-58.0,-49.0,-67.0,-83.0,-88.0,1
1487,-36.0,-54.0,-52.0,-20.0,-66.0,-70.0,-74.0,2
1488,-46.0,-56.0,-54.0,-49.0,-63.0,-81.0,-82.0,1
1489,-19.0,-62.0,-56.0,-13.0,-74.0,-72.0,-77.0,2
1490,-48.0,-57.0,-56.0,-49.0,-64.0,-87.0,-76.0,1
1491,-49.0,-45.0,-50.0,-48.0,-61.0,-79.0,-84.0,1
1492,-38.0,-55.0,-51.0,-41.0,-72.0,-70.0,-73.0,2
1493,-51.0,-52.0,-51.0,-47.0,-65.0,-76.0,-87.0,1
1494,-52.0,-51.0,-53.0,-54.0,-68.0,-88.0,-84.0,1
1495,-64.0,-58.0,-51.0,-59.0,-40.0,-88.0,-87.0,0
1496,-62.0,-53.0,-62.0,-64.0,-68.0,-79.0,-82.0,3
1497,-62.0,-57.0,-63.0,-67.0,-66.0,-87.0,-80.0,3
1498,-59.0,-52.0,-44.0,-64.0,-43.0,-87.0,-83.0,0
1499,-54.0,-52.0,-53.0,-43.0,-68.0,-79.0,-79.0,1
1500,-46.0,-53.0,-54.0,-52.0,-64.0,-79.0,-84.0,1
1501,-52.0,-54.0,-49.0,-52.0,-58.0,-81.0,-82.0,1
1502,-42.0,-53.0,-62.0,-38.0,-66.0,-65.0,-69.0,2
1503,-50.0,-58.0,-54.0,-50.0,-65.0,-79.0,-89.0,1
1504,-64.0,-58.0,-59.0,-61.0,-70.0,-84.0,-86.0,3
1505,-60.0,-57.0,-58.0,-64.0,-70.0,-84.0,-79.0,3
1506,-17.0,-61.0,-60.0,-15.0,-72.0,-69.0,-79.0,2
1507,-66.0,-53.0,-59.0,-62.0,-69.0,-81.0,-79.0,3
1508,-61.0,-56.0,-65.0,-65.0,-66.0,-77.0,-81.0,3
1509,-57.0,-55.0,-48.0,-59.0,-51.0,-81.0,-86.0,0
1510,-15.0,-55.0,-62.0,-25.0,-71.0,-67.0,-68.0,2
1511,-36.0,-54.0,-53.0,-46.0,-63.0,-66.0,-76.0,2
1512,-51.0,-51.0,-52.0,-52.0,-63.0,-84.0,-78.0,1
1513,-36.0,-58.0,-54.0,-27.0,-67.0,-73.0,-78.0,2
1514,-19.0,-60.0,-54.0,-35.0,-69.0,-69.0,-78.0,2
1515,-61.0,-54.0,-50.0,-63.0,-42.0,-92.0,-93.0,0
1516,-64.0,-55.0,-55.0,-58.0,-51.0,-89.0,-88.0,0
1517,-50.0,-55.0,-57.0,-48.0,-80.0,-81.0,-76.0,1
1518,-37.0,-52.0,-57.0,-36.0,-71.0,-66.0,-75.0,2
1519,-40.0,-57.0,-57.0,-43.0,-68.0,-89.0,-72.0,1
1520,-52.0,-55.0,-51.0,-49.0,-64.0,-87.0,-84.0,1
1521,-49.0,-51.0,-52.0,-44.0,-60.0,-77.0,-77.0,1
1522,-34.0,-61.0,-61.0,-36.0,-60.0,-73.0,-76.0,2
1523,-66.0,-62.0,-64.0,-68.0,-73.0,-89.0,-83.0,3
1524,-59.0,-57.0,-59.0,-64.0,-73.0,-79.0,-84.0,3
1525,-60.0,-58.0,-56.0,-66.0,-51.0,-85.0,-89.0,0
1526,-60.0,-54.0,-57.0,-66.0,-64.0,-81.0,-83.0,3
1527,-51.0,-58.0,-55.0,-54.0,-67.0,-86.0,-83.0,1
1528,-64.0,-57.0,-62.0,-67.0,-68.0,-83.0,-84.0,3
1529,-49.0,-64.0,-58.0,-51.0,-70.0,-86.0,-78.0,1
1530,-49.0,-54.0,-50.0,-55.0,-63.0,-85.0,-81.0,1
1531,-45.0,-52.0,-54.0,-53.0,-56.0,-83.0,-79.0,1
1532,-59.0,-55.0,-56.0,-64.0,-69.0,-83.0,-84.0,3
1533,-60.0,-61.0,-49.0,-60.0,-50.0,-89.0,-88.0,0
1534,-37.0,-55.0,-55.0,-40.0,-73.0,-72.0,-74.0,2
1535,-52.0,-56.0,-50.0,-56.0,-66.0,-81.0,-80.0,1
1536,-63.0,-55.0,-62.0,-66.0,-76.0,-89.0,-85.0,3
1537,-60.0,-56.0,-56.0,-64.0,-67.0,-84.0,-85.0,3
1538,-55.0,-53.0,-47.0,-57.0,-50.0,-85.0,-85.0,0
1539,-49.0,-52.0,-48.0,-44.0,-59.0,-80.0,-78.0,1
1540,-52.0,-55.0,-52.0,-49.0,-63.0,-88.0,-85.0,1
1541,-50.0,-52.0,-52.0,-47.0,-65.0,-77.0,-89.0,1
1542,-42.0,-54.0,-55.0,-49.0,-67.0,-80.0,-74.0,1
1543,-48.0,-54.0,-54.0,-49.0,-67.0,-77.0,-89.0,1
1544,-66.0,-59.0,-64.0,-68.0,-68.0,-97.0,-83.0,3
1545,-40.0,-54.0,-52.0,-38.0,-60.0,-69.0,-75.0,2
1546,-57.0,-56.0,-54.0,-69.0,-75.0,-83.0,-81.0,3
1547,-41.0,-59.0,-53.0,-40.0,-69.0,-80.0,-78.0,2
1548,-53.0,-58.0,-50.0,-52.0,-66.0,-78.0,-79.0,1
1549,-58.0,-55.0,-55.0,-54.0,-49.0,-78.0,-79.0,0
1550,-50.0,-55.0,-59.0,-41.0,-82.0,-75.0,-78.0,1
1551,-43.0,-60.0,-68.0,-46.0,-72.0,-83.0,-79.0,1
1552,-48.0,-58.0,-58.0,-44.0,-71.0,-77.0,-79.0,1
1553,-39.0,-56.0,-55.0,-39.0,-68.0,-74.0,-73.0,2
1554,-48.0,-63.0,-58.0,-44.0,-74.0,-79.0,-78.0,1
1555,-45.0,-57.0,-55.0,-48.0,-67.0,-77.0,-84.0,1
1556,-61.0,-58.0,-52.0,-61.0,-45.0,-92.0,-81.0,0
1557,-50.0,-60.0,-73.0,-58.0,-68.0,-88.0,-92.0,3
1558,-50.0,-57.0,-61.0,-50.0,-74.0,-83.0,-79.0,1
1559,-41.0,-56.0,-50.0,-43.0,-66.0,-77.0,-76.0,2
1560,-37.0,-57.0,-51.0,-39.0,-70.0,-76.0,-72.0,2
1561,-16.0,-59.0,-60.0,-35.0,-69.0,-81.0,-78.0,2
1562,-38.0,-57.0,-50.0,-38.0,-60.0,-74.0,-69.0,2
1563,-61.0,-61.0,-52.0,-68.0,-45.0,-88.0,-88.0,0
1564,-38.0,-56.0,-48.0,-39.0,-63.0,-70.0,-73.0,2
1565,-37.0,-61.0,-55.0,-40.0,-63.0,-70.0,-67.0,2
1566,-38.0,-51.0,-53.0,-38.0,-63.0,-72.0,-73.0,2
1567,-44.0,-53.0,-52.0,-36.0,-70.0,-72.0,-76.0,2
1568,-59.0,-50.0,-57.0,-59.0,-51.0,-87.0,-85.0,0
1569,-61.0,-53.0,-53.0,-61.0,-63.0,-77.0,-81.0,3
1570,-66.0,-57.0,-59.0,-64.0,-69.0,-82.0,-84.0,3
1571,-63.0,-57.0,-66.0,-66.0,-68.0,-83.0,-81.0,3
1572,-53.0,-62.0,-51.0,-52.0,-67.0,-79.0,-89.0,1
1573,-49.0,-56.0,-53.0,-52.0,-58.0,-89.0,-86.0,1
1574,-57.0,-55.0,-58.0,-64.0,-65.0,-87.0,-79.0,3
1575,-41.0,-54.0,-52.0,-37.0,-68.0,-73.0,-77.0,2
1576,-35.0,-56.0,-52.0,-36.0,-72.0,-69.0,-67.0,2
1577,-64.0,-62.0,-57.0,-69.0,-67.0,-77.0,-81.0,3
1578,-49.0,-60.0,-56.0,-50.0,-63.0,-84.0,-87.0,1
1579,-50.0,-49.0,-54.0,-48.0,-62.0,-79.0,-75.0,1
1580,-54.0,-54.0,-55.0,-52.0,-61.0,-86.0,-78.0,1
1581,-62.0,-56.0,-59.0,-58.0,-67.0,-78.0,-79.0,3
1582,-44.0,-57.0,-62.0,-41.0,-75.0,-65.0,-68.0,2
1583,-59.0,-50.0,-45.0,-60.0,-48.0,-83.0,-85.0,0
1584,-47.0,-55.0,-55.0,-49.0,-67.0,-85.0,-80.0,1
1585,-63.0,-58.0,-56.0,-66.0,-73.0,-87.0,-83.0,3
1586,-53.0,-54.0,-54.0,-51.0,-61.0,-84.0,-77.0,1
1587,-58.0,-56.0,-51.0,-65.0,-53.0,-87.0,-87.0,0
1588,-35.0,-58.0,-54.0,-36.0,-69.0,-69.0,-73.0,2
1589,-60.0,-56.0,-44.0,-53.0,-46.0,-87.0,-88.0,0
1590,-43.0,-55.0,-54.0,-47.0,-67.0,-77.0,-79.0,1
1591,-68.0,-56.0,-66.0,-69.0,-75.0,-82.0,-83.0,3
1592,-63.0,-59.0,-60.0,-65.0,-69.0,-81.0,-84.0,3
1593,-46.0,-48.0,-53.0,-49.0,-59.0,-80.0,-78.0,1
1594,-54.0,-57.0,-53.0,-54.0,-62.0,-77.0,-75.0,1
1595,-62.0,-58.0,-52.0,-63.0,-50.0,-87.0,-88.0,0
1596,-58.0,-49.0,-55.0,-60.0,-70.0,-78.0,-80.0,3
1597,-61.0,-55.0,-56.0,-66.0,-73.0,-79.0,-80.0,3
1598,-59.0,-50.0,-56.0,-59.0,-62.0,-78.0,-79.0,3
1599,-56.0,-54.0,-43.0,-60.0,-50.0,-86.0,-85.0,0
1600,-62.0,-51.0,-46.0,-61.0,-49.0,-87.0,-85.0,0
1601,-66.0,-52.0,-48.0,-71.0,-55.0,-88.0,-87.0,0
1602,-64.0,-57.0,-53.0,-66.0,-48.0,-92.0,-87.0,0
1603,-58.0,-54.0,-61.0,-66.0,-75.0,-87.0,-86.0,3
1604,-60.0,-54.0,-57.0,-60.0,-66.0,-80.0,-88.0,3
1605,-50.0,-53.0,-52.0,-55.0,-67.0,-77.0,-88.0,1
1606,-60.0,-53.0,-59.0,-64.0,-65.0,-76.0,-81.0,3
1607,-59.0,-55.0,-54.0,-64.0,-44.0,-86.0,-86.0,0
1608,-61.0,-52.0,-54.0,-63.0,-64.0,-84.0,-82.0,3
1609,-59.0,-56.0,-50.0,-62.0,-47.0,-87.0,-90.0,0
1610,-52.0,-56.0,-53.0,-50.0,-62.0,-84.0,-81.0,1
1611,-59.0,-57.0,-48.0,-69.0,-52.0,-87.0,-87.0,0
1612,-49.0,-53.0,-50.0,-54.0,-62.0,-77.0,-82.0,1
1613,-55.0,-52.0,-46.0,-59.0,-53.0,-88.0,-84.0,0
1614,-59.0,-57.0,-52.0,-71.0,-49.0,-92.0,-88.0,0
1615,-64.0,-54.0,-65.0,-63.0,-71.0,-85.0,-89.0,3
1616,-37.0,-55.0,-57.0,-42.0,-63.0,-65.0,-64.0,2
1617,-57.0,-55.0,-50.0,-63.0,-50.0,-89.0,-79.0,0
1618,-42.0,-58.0,-65.0,-46.0,-71.0,-77.0,-73.0,2
1619,-43.0,-58.0,-50.0,-45.0,-71.0,-68.0,-74.0,2
1620,-60.0,-58.0,-57.0,-68.0,-50.0,-96.0,-87.0,0
1621,-41.0,-56.0,-56.0,-38.0,-72.0,-67.0,-70.0,2
1622,-62.0,-58.0,-57.0,-65.0,-70.0,-82.0,-91.0,3
1623,-50.0,-57.0,-58.0,-44.0,-82.0,-75.0,-78.0,1
1624,-46.0,-58.0,-53.0,-48.0,-60.0,-79.0,-79.0,1
1625,-46.0,-60.0,-56.0,-47.0,-66.0,-83.0,-85.0,1
1626,-49.0,-55.0,-48.0,-49.0,-62.0,-79.0,-84.0,1
1627,-53.0,-54.0,-59.0,-54.0,-62.0,-81.0,-82.0,1
1628,-55.0,-48.0,-49.0,-62.0,-55.0,-86.0,-91.0,0
1629,-52.0,-55.0,-55.0,-54.0,-65.0,-85.0,-78.0,1
1630,-40.0,-52.0,-50.0,-41.0,-64.0,-69.0,-66.0,2
1631,-61.0,-63.0,-58.0,-66.0,-74.0,-87.0,-82.0,3
1632,-18.0,-50.0,-57.0,-36.0,-62.0,-66.0,-71.0,2
1633,-41.0,-53.0,-49.0,-38.0,-71.0,-69.0,-75.0,2
1634,-67.0,-53.0,-46.0,-64.0,-48.0,-88.0,-87.0,0
1635,-57.0,-61.0,-45.0,-62.0,-48.0,-87.0,-88.0,0
1636,-57.0,-53.0,-50.0,-59.0,-52.0,-83.0,-82.0,0
1637,-63.0,-59.0,-58.0,-64.0,-74.0,-82.0,-90.0,3
1638,-40.0,-59.0,-59.0,-39.0,-73.0,-71.0,-72.0,2
1639,-47.0,-57.0,-56.0,-51.0,-64.0,-80.0,-86.0,1
1640,-48.0,-50.0,-55.0,-50.0,-66.0,-78.0,-75.0,1
1641,-58.0,-55.0,-59.0,-58.0,-72.0,-77.0,-81.0,3
1642,-45.0,-51.0,-59.0,-53.0,-62.0,-82.0,-85.0,1
1643,-47.0,-57.0,-57.0,-52.0,-69.0,-79.0,-77.0,1
1644,-58.0,-57.0,-49.0,-64.0,-49.0,-89.0,-81.0,0
1645,-38.0,-58.0,-59.0,-37.0,-66.0,-74.0,-67.0,2
1646,-50.0,-68.0,-48.0,-56.0,-63.0,-80.0,-77.0,1
1647,-48.0,-58.0,-50.0,-53.0,-62.0,-81.0,-87.0,1
1648,-44.0,-52.0,-60.0,-37.0,-66.0,-67.0,-73.0,2
1649,-50.0,-49.0,-52.0,-56.0,-69.0,-80.0,-81.0,1
1650,-56.0,-55.0,-43.0,-57.0,-52.0,-93.0,-85.0,0
1651,-61.0,-54.0,-60.0,-60.0,-64.0,-79.0,-81.0,3
1652,-51.0,-58.0,-59.0,-52.0,-64.0,-78.0,-84.0,1
1653,-58.0,-51.0,-46.0,-58.0,-50.0,-79.0,-87.0,0
1654,-16.0,-70.0,-58.0,-14.0,-73.0,-71.0,-80.0,2
1655,-46.0,-60.0,-54.0,-48.0,-63.0,-80.0,-83.0,1
1656,-51.0,-55.0,-51.0,-49.0,-61.0,-82.0,-81.0,1
1657,-40.0,-54.0,-54.0,-45.0,-71.0,-76.0,-74.0,2
1658,-59.0,-56.0,-49.0,-58.0,-52.0,-88.0,-84.0,0
1659,-70.0,-64.0,-66.0,-73.0,-78.0,-87.0,-94.0,3
1660,-55.0,-53.0,-52.0,-56.0,-58.0,-85.0,-88.0,0
1661,-42.0,-54.0,-54.0,-43.0,-59.0,-74.0,-72.0,2
1662,-51.0,-63.0,-55.0,-54.0,-69.0,-84.0,-79.0,1
1663,-47.0,-51.0,-54.0,-50.0,-64.0,-75.0,-82.0,1
1664,-16.0,-58.0,-58.0,-13.0,-68.0,-76.0,-90.0,2
1665,-66.0,-57.0,-62.0,-61.0,-74.0,-81.0,-89.0,3
1666,-37.0,-55.0,-55.0,-42.0,-69.0,-66.0,-69.0,2
1667,-62.0,-52.0,-61.0,-66.0,-65.0,-85.0,-89.0,3
1668,-59.0,-51.0,-46.0,-58.0,-46.0,-90.0,-90.0,0
1669,-50.0,-56.0,-63.0,-45.0,-71.0,-76.0,-78.0,1
1670,-51.0,-54.0,-54.0,-54.0,-62.0,-85.0,-78.0,1
1671,-63.0,-52.0,-56.0,-59.0,-66.0,-80.0,-80.0,3
1672,-63.0,-56.0,-61.0,-61.0,-68.0,-83.0,-87.0,3
1673,-37.0,-51.0,-56.0,-36.0,-62.0,-72.0,-71.0,2
1674,-38.0,-55.0,-51.0,-43.0,-64.0,-73.0,-73.0,2
1675,-53.0,-52.0,-51.0,-53.0,-64.0,-80.0,-81.0,1
1676,-40.0,-52.0,-49.0,-41.0,-62.0,-69.0,-65.0,2
1677,-61.0,-56.0,-63.0,-62.0,-73.0,-87.0,-91.0,3
1678,-35.0,-57.0,-53.0,-34.0,-64.0,-76.0,-76.0,2
1679,-55.0,-51.0,-52.0,-48.0,-60.0,-78.0,-86.0,1
1680,-37.0,-53.0,-51.0,-37.0,-66.0,-71.0,-75.0,2
1681,-46.0,-58.0,-54.0,-48.0,-63.0,-78.0,-75.0,1
1682,-55.0,-60.0,-50.0,-55.0,-63.0,-88.0,-87.0,1
1683,-48.0,-53.0,-60.0,-36.0,-58.0,-73.0,-77.0,2
1684,-61.0,-54.0,-57.0,-67.0,-67.0,-82.0,-84.0,3
1685,-37.0,-58.0,-57.0,-37.0,-73.0,-75.0,-71.0,2
1686,-63.0,-59.0,-54.0,-77.0,-42.0,-91.0,-92.0,0
1687,-51.0,-60.0,-52.0,-52.0,-67.0,-79.0,-91.0,1
1688,-65.0,-57.0,-62.0,-70.0,-67.0,-85.0,-87.0,3
1689,-35.0,-56.0,-55.0,-36.0,-69.0,-67.0,-78.0,2
1690,-17.0,-57.0,-55.0,-15.0,-62.0,-68.0,-70.0,2
1691,-58.0,-56.0,-46.0,-56.0,-62.0,-84.0,-87.0,1
1692,-39.0,-56.0,-53.0,-46.0,-57.0,-73.0,-77.0,2
1693,-65.0,-56.0,-63.0,-66.0,-80.0,-83.0,-88.0,3
1694,-60.0,-56.0,-67.0,-62.0,-69.0,-82.0,-86.0,3
1695,-36.0,-58.0,-56.0,-39.0,-62.0,-67.0,-73.0,2
1696,-53.0,-52.0,-48.0,-50.0,-62.0,-81.0,-80.0,1
1697,-59.0,-52.0,-61.0,-61.0,-76.0,-75.0,-78.0,3
1698,-46.0,-48.0,-52.0,-52.0,-62.0,-77.0,-80.0,1
1699,-51.0,-55.0,-59.0,-51.0,-58.0,-87.0,-81.0,1
1700,-65.0,-56.0,-54.0,-63.0,-49.0,-92.0,-89.0,0
1701,-51.0,-52.0,-51.0,-55.0,-66.0,-78.0,-89.0,1
1702,-35.0,-53.0,-58.0,-44.0,-63.0,-68.0,-71.0,2
1703,-62.0,-54.0,-56.0,-64.0,-75.0,-88.0,-85.0,3
1704,-40.0,-56.0,-53.0,-50.0,-71.0,-79.0,-78.0,1
1705,-51.0,-56.0,-51.0,-58.0,-58.0,-80.0,-86.0,1
1706,-37.0,-54.0,-53.0,-36.0,-65.0,-76.0,-72.0,2
1707,-58.0,-48.0,-59.0,-59.0,-64.0,-84.0,-77.0,3
1708,-52.0,-54.0,-53.0,-51.0,-61.0,-83.0,-81.0,1
1709,-51.0,-55.0,-56.0,-49.0,-58.0,-84.0,-84.0,1
1710,-61.0,-56.0,-61.0,-74.0,-69.0,-87.0,-89.0,3
1711,-38.0,-53.0,-54.0,-43.0,-70.0,-77.0,-75.0,2
1712,-52.0,-50.0,-52.0,-49.0,-63.0,-80.0,-85.0,1
1713,-64.0,-57.0,-47.0,-58.0,-46.0,-89.0,-86.0,0
1714,-69.0,-52.0,-48.0,-66.0,-48.0,-88.0,-87.0,0
1715,-60.0,-52.0,-51.0,-59.0,-73.0,-79.0,-81.0,3
1716,-61.0,-56.0,-49.0,-60.0,-52.0,-91.0,-85.0,0
1717,-59.0,-56.0,-58.0,-68.0,-62.0,-80.0,-81.0,3
1718,-59.0,-51.0,-56.0,-58.0,-50.0,-88.0,-86.0,0
1719,-60.0,-58.0,-57.0,-59.0,-66.0,-82.0,-83.0,3
1720,-50.0,-56.0,-53.0,-52.0,-68.0,-84.0,-77.0,1
1721,-64.0,-48.0,-54.0,-58.0,-52.0,-80.0,-88.0,0
1722,-64.0,-58.0,-60.0,-68.0,-66.0,-86.0,-88.0,3
1723,-50.0,-56.0,-47.0,-52.0,-58.0,-88.0,-76.0,1
1724,-71.0,-62.0,-63.0,-69.0,-75.0,-85.0,-87.0,3
1725,-56.0,-52.0,-51.0,-57.0,-64.0,-86.0,-91.0,1
1726,-63.0,-55.0,-63.0,-68.0,-77.0,-87.0,-89.0,3
1727,-55.0,-51.0,-51.0,-55.0,-59.0,-89.0,-78.0,1
1728,-53.0,-56.0,-46.0,-51.0,-62.0,-80.0,-80.0,1
1729,-40.0,-54.0,-57.0,-42.0,-64.0,-67.0,-71.0,2
1730,-41.0,-55.0,-54.0,-40.0,-62.0,-71.0,-72.0,2
1731,-60.0,-59.0,-61.0,-62.0,-68.0,-81.0,-85.0,3
1732,-53.0,-55.0,-54.0,-51.0,-69.0,-79.0,-81.0,1
1733,-35.0,-60.0,-54.0,-35.0,-61.0,-81.0,-80.0,2
1734,-59.0,-54.0,-49.0,-60.0,-46.0,-86.0,-87.0,0
1735,-27.0,-55.0,-57.0,-37.0,-67.0,-71.0,-71.0,2
1736,-64.0,-57.0,-63.0,-59.0,-69.0,-82.0,-86.0,3
1737,-64.0,-59.0,-52.0,-65.0,-50.0,-88.0,-85.0,0
1738,-65.0,-56.0,-65.0,-63.0,-68.0,-82.0,-93.0,3
1739,-61.0,-54.0,-51.0,-63.0,-44.0,-87.0,-88.0,0
1740,-57.0,-54.0,-49.0,-61.0,-43.0,-79.0,-85.0,0
1741,-47.0,-57.0,-49.0,-46.0,-63.0,-84.0,-86.0,1
1742,-59.0,-51.0,-57.0,-59.0,-51.0,-89.0,-86.0,0
1743,-39.0,-62.0,-58.0,-37.0,-69.0,-73.0,-72.0,2
1744,-47.0,-52.0,-49.0,-43.0,-57.0,-80.0,-79.0,1
1745,-56.0,-54.0,-58.0,-62.0,-68.0,-77.0,-81.0,3
1746,-50.0,-55.0,-52.0,-47.0,-65.0,-83.0,-91.0,1
1747,-52.0,-53.0,-57.0,-52.0,-57.0,-83.0,-83.0,1
1748,-59.0,-52.0,-55.0,-59.0,-55.0,-88.0,-85.0,0
1749,-43.0,-60.0,-55.0,-46.0,-71.0,-76.0,-79.0,1
1750,-48.0,-56.0,-50.0,-45.0,-61.0,-80.0,-80.0,1
1751,-59.0,-54.0,-59.0,-60.0,-50.0,-87.0,-86.0,0
1752,-58.0,-57.0,-55.0,-66.0,-51.0,-88.0,-87.0,0
1753,-60.0,-52.0,-45.0,-58.0,-51.0,-87.0,-80.0,0
1754,-63.0,-58.0,-57.0,-61.0,-52.0,-89.0,-93.0,0
1755,-12.0,-60.0,-68.0,-15.0,-74.0,-73.0,-70.0,2
1756,-37.0,-51.0,-54.0,-43.0,-60.0,-69.0,-70.0,2
1757,-63.0,-57.0,-58.0,-62.0,-73.0,-86.0,-85.0,3
1758,-47.0,-60.0,-59.0,-55.0,-70.0,-79.0,-85.0,1
1759,-50.0,-53.0,-53.0,-55.0,-67.0,-78.0,-89.0,1
1760,-63.0,-56.0,-50.0,-56.0,-49.0,-89.0,-92.0,0
1761,-52.0,-60.0,-65.0,-48.0,-64.0,-79.0,-75.0,1
1762,-52.0,-48.0,-52.0,-54.0,-63.0,-78.0,-80.0,1
1763,-17.0,-63.0,-65.0,-27.0,-86.0,-72.0,-74.0,2
1764,-39.0,-57.0,-50.0,-35.0,-63.0,-70.0,-79.0,2
1765,-64.0,-66.0,-54.0,-67.0,-70.0,-83.0,-82.0,3
1766,-52.0,-56.0,-50.0,-56.0,-69.0,-79.0,-78.0,1
1767,-59.0,-54.0,-56.0,-62.0,-67.0,-81.0,-82.0,3
1768,-46.0,-59.0,-55.0,-49.0,-69.0,-74.0,-84.0,1
1769,-67.0,-57.0,-60.0,-60.0,-75.0,-83.0,-87.0,3
1770,-39.0,-56.0,-53.0,-49.0,-70.0,-80.0,-75.0,1
1771,-34.0,-53.0,-52.0,-19.0,-65.0,-75.0,-69.0,2
1772,-59.0,-53.0,-51.0,-54.0,-45.0,-79.0,-87.0,0
1773,-63.0,-54.0,-55.0,-64.0,-72.0,-84.0,-81.0,3
1774,-46.0,-54.0,-47.0,-51.0,-57.0,-80.0,-73.0,1
1775,-67.0,-59.0,-62.0,-65.0,-71.0,-91.0,-84.0,3
1776,-49.0,-54.0,-53.0,-50.0,-70.0,-78.0,-86.0,1
1777,-43.0,-55.0,-55.0,-39.0,-69.0,-67.0,-71.0,2
1778,-43.0,-62.0,-66.0,-43.0,-73.0,-77.0,-76.0,2
1779,-59.0,-55.0,-50.0,-57.0,-52.0,-78.0,-83.0,0
1780,-60.0,-61.0,-58.0,-63.0,-49.0,-84.0,-85.0,0
1781,-60.0,-57.0,-56.0,-65.0,-50.0,-96.0,-87.0,0
1782,-65.0,-58.0,-62.0,-67.0,-77.0,-86.0,-91.0,3
1783,-17.0,-62.0,-54.0,-22.0,-65.0,-70.0,-72.0,2
1784,-72.0,-63.0,-64.0,-70.0,-81.0,-85.0,-87.0,3
1785,-45.0,-59.0,-56.0,-54.0,-64.0,-84.0,-78.0,1
1786,-63.0,-57.0,-63.0,-64.0,-73.0,-86.0,-81.0,3
1787,-65.0,-57.0,-45.0,-66.0,-47.0,-92.0,-92.0,0
1788,-65.0,-50.0,-51.0,-57.0,-70.0,-80.0,-79.0,3
1789,-60.0,-57.0,-63.0,-62.0,-72.0,-85.0,-86.0,3
1790,-47.0,-60.0,-56.0,-48.0,-85.0,-85.0,-81.0,1
1791,-60.0,-53.0,-52.0,-64.0,-46.0,-85.0,-83.0,0
1792,-64.0,-56.0,-58.0,-71.0,-69.0,-88.0,-84.0,3
1793,-37.0,-57.0,-51.0,-39.0,-71.0,-71.0,-72.0,2
1794,-58.0,-51.0,-56.0,-59.0,-54.0,-87.0,-87.0,0
1795,-55.0,-57.0,-49.0,-52.0,-53.0,-82.0,-86.0,0
1796,-40.0,-55.0,-56.0,-36.0,-64.0,-65.0,-66.0,2
1797,-66.0,-57.0,-64.0,-62.0,-68.0,-87.0,-88.0,3
1798,-61.0,-58.0,-58.0,-62.0,-66.0,-81.0,-81.0,3
1799,-63.0,-57.0,-57.0,-65.0,-75.0,-83.0,-76.0,3
1800,-59.0,-53.0,-58.0,-66.0,-65.0,-82.0,-78.0,3
1801,-68.0,-57.0,-60.0,-61.0,-73.0,-87.0,-87.0,3
1802,-62.0,-57.0,-56.0,-63.0,-66.0,-84.0,-82.0,3
1803,-56.0,-54.0,-48.0,-57.0,-51.0,-84.0,-89.0,0
1804,-60.0,-56.0,-56.0,-63.0,-65.0,-80.0,-83.0,3
1805,-47.0,-56.0,-53.0,-53.0,-66.0,-85.0,-85.0,1
1806,-36.0,-55.0,-50.0,-41.0,-66.0,-72.0,-69.0,2
1807,-58.0,-57.0,-46.0,-55.0,-50.0,-87.0,-85.0,0
1808,-61.0,-52.0,-49.0,-68.0,-45.0,-85.0,-92.0,0
1809,-52.0,-57.0,-52.0,-52.0,-70.0,-87.0,-77.0,1
1810,-51.0,-54.0,-52.0,-57.0,-62.0,-79.0,-79.0,1
1811,-48.0,-55.0,-51.0,-55.0,-69.0,-88.0,-80.0,1
1812,-36.0,-56.0,-53.0,-43.0,-63.0,-65.0,-70.0,2
1813,-46.0,-56.0,-60.0,-46.0,-65.0,-84.0,-85.0,1
1814,-39.0,-57.0,-55.0,-42.0,-61.0,-74.0,-75.0,2
1815,-59.0,-49.0,-45.0,-57.0,-52.0,-80.0,-82.0,0
1816,-64.0,-58.0,-50.0,-65.0,-50.0,-91.0,-85.0,0
1817,-63.0,-54.0,-50.0,-55.0,-50.0,-85.0,-79.0,0
1818,-52.0,-56.0,-47.0,-53.0,-61.0,-78.0,-79.0,1
1819,-38.0,-56.0,-48.0,-39.0,-71.0,-72.0,-71.0,2
1820,-54.0,-56.0,-50.0,-50.0,-64.0,-87.0,-80.0,1
1821,-60.0,-60.0,-46.0,-54.0,-49.0,-81.0,-83.0,0
1822,-36.0,-51.0,-67.0,-40.0,-63.0,-74.0,-68.0,2
1823,-54.0,-53.0,-50.0,-58.0,-58.0,-84.0,-87.0,0
1824,-49.0,-53.0,-50.0,-55.0,-64.0,-79.0,-86.0,1
1825,-59.0,-52.0,-52.0,-56.0,-50.0,-86.0,-86.0,0
1826,-50.0,-55.0,-54.0,-50.0,-69.0,-79.0,-82.0,1
1827,-59.0,-51.0,-64.0,-57.0,-69.0,-80.0,-80.0,3
1828,-49.0,-56.0,-60.0,-47.0,-72.0,-80.0,-79.0,1
1829,-51.0,-53.0,-49.0,-51.0,-65.0,-77.0,-89.0,1
1830,-58.0,-53.0,-44.0,-62.0,-52.0,-84.0,-88.0,0
1831,-40.0,-70.0,-47.0,-43.0,-69.0,-73.0,-84.0,2
1832,-61.0,-54.0,-64.0,-63.0,-68.0,-83.0,-81.0,3
1833,-12.0,-55.0,-57.0,-16.0,-70.0,-76.0,-75.0,2
1834,-48.0,-52.0,-54.0,-52.0,-63.0,-80.0,-77.0,1
1835,-51.0,-52.0,-52.0,-50.0,-69.0,-78.0,-86.0,1
1836,-64.0,-57.0,-52.0,-60.0,-40.0,-87.0,-87.0,0
1837,-51.0,-52.0,-56.0,-52.0,-66.0,-80.0,-89.0,1
1838,-61.0,-56.0,-65.0,-59.0,-68.0,-86.0,-88.0,3
1839,-48.0,-59.0,-53.0,-45.0,-74.0,-81.0,-81.0,1
1840,-63.0,-57.0,-63.0,-64.0,-67.0,-81.0,-83.0,3
1841,-56.0,-53.0,-51.0,-59.0,-50.0,-84.0,-84.0,0
1842,-38.0,-52.0,-54.0,-38.0,-64.0,-73.0,-77.0,2
1843,-53.0,-59.0,-51.0,-41.0,-59.0,-78.0,-77.0,1
1844,-57.0,-60.0,-47.0,-59.0,-50.0,-79.0,-88.0,0
1845,-67.0,-56.0,-62.0,-70.0,-69.0,-86.0,-84.0,3
1846,-66.0,-59.0,-70.0,-69.0,-76.0,-87.0,-89.0,3
1847,-37.0,-58.0,-56.0,-38.0,-63.0,-75.0,-74.0,2
1848,-36.0,-60.0,-53.0,-35.0,-72.0,-71.0,-64.0,2
1849,-47.0,-58.0,-51.0,-43.0,-65.0,-80.0,-80.0,1
1850,-44.0,-63.0,-67.0,-46.0,-63.0,-81.0,-78.0,1
1851,-39.0,-56.0,-58.0,-37.0,-64.0,-76.0,-72.0,2
1852,-53.0,-50.0,-50.0,-49.0,-61.0,-83.0,-84.0,1
1853,-65.0,-54.0,-46.0,-65.0,-51.0,-91.0,-89.0,0
1854,-60.0,-56.0,-48.0,-61.0,-49.0,-92.0,-82.0,0
1855,-62.0,-59.0,-63.0,-64.0,-70.0,-84.0,-84.0,3
1856,-39.0,-53.0,-51.0,-43.0,-70.0,-72.0,-70.0,2
1857,-64.0,-54.0,-56.0,-66.0,-52.0,-88.0,-85.0,0
1858,-52.0,-60.0,-51.0,-54.0,-61.0,-86.0,-87.0,1
1859,-38.0,-54.0,-50.0,-42.0,-60.0,-71.0,-67.0,2
1860,-63.0,-59.0,-64.0,-66.0,-72.0,-84.0,-90.0,3
1861,-41.0,-58.0,-53.0,-38.0,-65.0,-79.0,-72.0,2
1862,-58.0,-65.0,-47.0,-71.0,-51.0,-86.0,-83.0,0
1863,-49.0,-50.0,-51.0,-50.0,-62.0,-75.0,-75.0,1
1864,-65.0,-57.0,-60.0,-64.0,-74.0,-81.0,-90.0,3
1865,-52.0,-64.0,-54.0,-56.0,-70.0,-84.0,-78.0,1
1866,-62.0,-50.0,-61.0,-64.0,-73.0,-80.0,-81.0,3
1867,-62.0,-51.0,-61.0,-71.0,-67.0,-79.0,-80.0,3
1868,-39.0,-57.0,-55.0,-37.0,-67.0,-70.0,-73.0,2
1869,-17.0,-53.0,-57.0,-17.0,-70.0,-77.0,-73.0,2
1870,-49.0,-56.0,-57.0,-51.0,-65.0,-87.0,-81.0,1
1871,-61.0,-56.0,-58.0,-67.0,-68.0,-80.0,-81.0,3
1872,-62.0,-60.0,-66.0,-68.0,-80.0,-86.0,-91.0,3
1873,-49.0,-50.0,-51.0,-44.0,-60.0,-83.0,-79.0,1
1874,-38.0,-52.0,-56.0,-44.0,-65.0,-71.0,-75.0,2
1875,-40.0,-59.0,-57.0,-39.0,-67.0,-81.0,-74.0,2
1876,-63.0,-58.0,-58.0,-64.0,-66.0,-81.0,-83.0,3
1877,-64.0,-55.0,-55.0,-62.0,-49.0,-93.0,-85.0,0
1878,-16.0,-55.0,-56.0,-15.0,-64.0,-78.0,-76.0,2
1879,-37.0,-60.0,-53.0,-38.0,-65.0,-67.0,-70.0,2
1880,-60.0,-49.0,-48.0,-62.0,-48.0,-85.0,-93.0,0
1881,-59.0,-53.0,-57.0,-62.0,-55.0,-88.0,-85.0,0
1882,-56.0,-55.0,-45.0,-59.0,-52.0,-84.0,-86.0,0
1883,-52.0,-62.0,-55.0,-52.0,-67.0,-83.0,-75.0,1
1884,-55.0,-56.0,-47.0,-54.0,-49.0,-81.0,-79.0,0
1885,-50.0,-53.0,-50.0,-55.0,-68.0,-78.0,-87.0,1
1886,-60.0,-50.0,-48.0,-55.0,-46.0,-79.0,-87.0,0
1887,-58.0,-54.0,-53.0,-64.0,-51.0,-87.0,-91.0,0
1888,-62.0,-56.0,-57.0,-63.0,-69.0,-87.0,-91.0,3
1889,-61.0,-52.0,-48.0,-61.0,-45.0,-90.0,-88.0,0
1890,-46.0,-56.0,-53.0,-53.0,-61.0,-87.0,-77.0,1
1891,-69.0,-58.0,-56.0,-61.0,-73.0,-81.0,-93.0,3
1892,-47.0,-52.0,-56.0,-56.0,-62.0,-83.0,-83.0,1
1893,-65.0,-55.0,-55.0,-67.0,-63.0,-82.0,-89.0,3
1894,-61.0,-56.0,-55.0,-63.0,-47.0,-85.0,-89.0,0
1895,-52.0,-52.0,-53.0,-53.0,-56.0,-78.0,-79.0,1
1896,-43.0,-54.0,-56.0,-40.0,-67.0,-70.0,-71.0,2
1897,-59.0,-51.0,-57.0,-60.0,-49.0,-87.0,-88.0,0
1898,-61.0,-56.0,-52.0,-58.0,-52.0,-82.0,-85.0,0
1899,-40.0,-63.0,-67.0,-40.0,-75.0,-70.0,-70.0,2
1900,-50.0,-54.0,-52.0,-49.0,-67.0,-79.0,-86.0,1
1901,-45.0,-58.0,-55.0,-38.0,-68.0,-76.0,-75.0,2
1902,-43.0,-56.0,-59.0,-37.0,-64.0,-74.0,-77.0,2
1903,-61.0,-56.0,-63.0,-77.0,-67.0,-82.0,-96.0,3
1904,-45.0,-57.0,-58.0,-45.0,-77.0,-78.0,-80.0,1
1905,-42.0,-53.0,-62.0,-27.0,-63.0,-72.0,-79.0,2
1906,-44.0,-53.0,-51.0,-49.0,-60.0,-84.0,-76.0,1
1907,-19.0,-59.0,-55.0,-37.0,-73.0,-72.0,-66.0,2
1908,-48.0,-56.0,-54.0,-39.0,-67.0,-78.0,-82.0,1
1909,-40.0,-56.0,-56.0,-38.0,-66.0,-77.0,-74.0,2
1910,-73.0,-63.0,-65.0,-70.0,-80.0,-89.0,-93.0,3
1911,-59.0,-58.0,-48.0,-65.0,-53.0,-83.0,-90.0,0
1912,-61.0,-57.0,-58.0,-62.0,-67.0,-78.0,-76.0,3
1913,-51.0,-48.0,-56.0,-53.0,-61.0,-80.0,-79.0,1
1914,-49.0,-61.0,-56.0,-49.0,-64.0,-84.0,-89.0,1
1915,-47.0,-54.0,-56.0,-47.0,-62.0,-78.0,-83.0,1
1916,-65.0,-54.0,-60.0,-64.0,-65.0,-87.0,-82.0,3
1917,-62.0,-55.0,-64.0,-61.0,-60.0,-81.0,-77.0,3
1918,-37.0,-59.0,-57.0,-38.0,-69.0,-68.0,-73.0,2
1919,-62.0,-58.0,-62.0,-65.0,-75.0,-90.0,-81.0,3
1920,-55.0,-53.0,-51.0,-62.0,-56.0,-85.0,-87.0,0
1921,-66.0,-58.0,-47.0,-68.0,-47.0,-88.0,-91.0,0
1922,-60.0,-56.0,-62.0,-61.0,-69.0,-82.0,-81.0,3
1923,-49.0,-57.0,-51.0,-44.0,-57.0,-85.0,-79.0,1
1924,-37.0,-56.0,-56.0,-35.0,-69.0,-73.0,-69.0,2
1925,-45.0,-46.0,-58.0,-53.0,-59.0,-77.0,-82.0,1
1926,-57.0,-56.0,-53.0,-62.0,-48.0,-87.0,-88.0,0
1927,-40.0,-55.0,-57.0,-37.0,-71.0,-79.0,-77.0,2
1928,-59.0,-52.0,-49.0,-55.0,-56.0,-83.0,-81.0,0
1929,-53.0,-58.0,-51.0,-50.0,-62.0,-84.0,-81.0,1
1930,-18.0,-62.0,-56.0,-15.0,-71.0,-70.0,-79.0,2
1931,-64.0,-56.0,-64.0,-65.0,-75.0,-85.0,-90.0,3
1932,-65.0,-60.0,-60.0,-62.0,-75.0,-83.0,-79.0,3
1933,-46.0,-51.0,-50.0,-48.0,-64.0,-82.0,-78.0,1
1934,-59.0,-56.0,-53.0,-60.0,-49.0,-85.0,-84.0,0
1935,-60.0,-53.0,-52.0,-62.0,-50.0,-91.0,-88.0,0
1936,-44.0,-53.0,-55.0,-48.0,-66.0,-79.0,-86.0,1
1937,-62.0,-55.0,-58.0,-68.0,-69.0,-83.0,-88.0,3
1938,-56.0,-50.0,-58.0,-63.0,-68.0,-83.0,-83.0,3
1939,-58.0,-50.0,-43.0,-56.0,-55.0,-83.0,-87.0,0
1940,-50.0,-51.0,-54.0,-43.0,-66.0,-78.0,-78.0,1
1941,-59.0,-50.0,-45.0,-60.0,-45.0,-88.0,-87.0,0
1942,-59.0,-53.0,-64.0,-60.0,-68.0,-82.0,-81.0,3
1943,-43.0,-55.0,-63.0,-37.0,-64.0,-67.0,-76.0,2
1944,-18.0,-60.0,-59.0,-17.0,-68.0,-75.0,-75.0,2
1945,-37.0,-53.0,-56.0,-35.0,-74.0,-76.0,-79.0,2
1946,-53.0,-62.0,-57.0,-49.0,-61.0,-88.0,-87.0,1
1947,-48.0,-59.0,-54.0,-55.0,-60.0,-84.0,-87.0,1
1948,-56.0,-53.0,-43.0,-61.0,-58.0,-80.0,-85.0,0
1949,-44.0,-50.0,-57.0,-45.0,-61.0,-72.0,-67.0,2
1950,-63.0,-51.0,-57.0,-60.0,-66.0,-79.0,-82.0,3
1951,-35.0,-51.0,-53.0,-37.0,-63.0,-72.0,-76.0,2
1952,-60.0,-50.0,-49.0,-54.0,-71.0,-83.0,-82.0,1
1953,-65.0,-52.0,-46.0,-64.0,-49.0,-88.0,-87.0,0
1954,-40.0,-50.0,-50.0,-37.0,-64.0,-71.0,-78.0,2
1955,-55.0,-60.0,-51.0,-53.0,-63.0,-85.0,-87.0,1
1956,-51.0,-51.0,-54.0,-53.0,-59.0,-86.0,-85.0,1
1957,-61.0,-52.0,-48.0,-57.0,-47.0,-85.0,-85.0,0
1958,-60.0,-55.0,-42.0,-63.0,-53.0,-91.0,-79.0,0
1959,-51.0,-62.0,-59.0,-52.0,-68.0,-85.0,-78.0,1
1960,-66.0,-56.0,-55.0,-67.0,-48.0,-87.0,-87.0,0
1961,-63.0,-56.0,-53.0,-60.0,-49.0,-88.0,-88.0,0
1962,-59.0,-55.0,-65.0,-62.0,-62.0,-81.0,-77.0,3
1963,-63.0,-58.0,-64.0,-66.0,-70.0,-81.0,-91.0,3
1964,-63.0,-54.0,-61.0,-66.0,-73.0,-84.0,-88.0,3
1965,-65.0,-58.0,-70.0,-66.0,-71.0,-85.0,-83.0,3
1966,-49.0,-61.0,-55.0,-53.0,-72.0,-85.0,-92.0,1
1967,-46.0,-52.0,-51.0,-55.0,-60.0,-80.0,-76.0,1
1968,-62.0,-55.0,-65.0,-59.0,-69.0,-86.0,-87.0,3
1969,-59.0,-56.0,-41.0,-54.0,-46.0,-89.0,-88.0,0
1970,-12.0,-56.0,-58.0,-16.0,-70.0,-75.0,-79.0,2
1971,-68.0,-57.0,-54.0,-64.0,-51.0,-89.0,-87.0,0
1972,-60.0,-56.0,-57.0,-65.0,-49.0,-85.0,-89.0,0
1973,-62.0,-54.0,-60.0,-61.0,-70.0,-79.0,-81.0,3
1974,-60.0,-52.0,-51.0,-55.0,-48.0,-86.0,-90.0,0
1975,-45.0,-54.0,-53.0,-45.0,-68.0,-75.0,-84.0,1
1976,-60.0,-53.0,-59.0,-64.0,-70.0,-80.0,-90.0,3
1977,-36.0,-55.0,-59.0,-37.0,-63.0,-70.0,-73.0,2
1978,-48.0,-53.0,-51.0,-43.0,-64.0,-74.0,-77.0,1
1979,-38.0,-55.0,-57.0,-37.0,-64.0,-68.0,-73.0,2
1980,-68.0,-63.0,-65.0,-74.0,-81.0,-84.0,-89.0,3
1981,-49.0,-51.0,-50.0,-53.0,-64.0,-79.0,-78.0,1
1982,-60.0,-58.0,-56.0,-64.0,-52.0,-93.0,-86.0,0
1983,-36.0,-58.0,-59.0,-36.0,-69.0,-71.0,-77.0,2
1984,-45.0,-52.0,-52.0,-51.0,-64.0,-84.0,-84.0,1
1985,-15.0,-60.0,-59.0,-37.0,-65.0,-74.0,-73.0,2
1986,-49.0,-52.0,-52.0,-53.0,-65.0,-77.0,-85.0,1
1987,-67.0,-56.0,-67.0,-70.0,-74.0,-81.0,-82.0,3
1988,-41.0,-58.0,-58.0,-42.0,-64.0,-79.0,-80.0,1
1989,-38.0,-55.0,-57.0,-41.0,-66.0,-73.0,-69.0,2
1990,-59.0,-53.0,-55.0,-60.0,-51.0,-87.0,-87.0,0
1991,-37.0,-60.0,-53.0,-39.0,-65.0,-70.0,-68.0,2
1992,-59.0,-54.0,-51.0,-59.0,-58.0,-80.0,-87.0,0
1993,-56.0,-60.0,-47.0,-58.0,-46.0,-80.0,-82.0,0
1994,-52.0,-57.0,-50.0,-51.0,-65.0,-79.0,-79.0,1
1995,-66.0,-57.0,-55.0,-64.0,-52.0,-91.0,-87.0,0
1996,-39.0,-53.0,-51.0,-40.0,-64.0,-67.0,-64.0,2
1997,-50.0,-59.0,-53.0,-54.0,-65.0,-77.0,-78.0,1
1998,-61.0,-52.0,-49.0,-56.0,-46.0,-84.0,-83.0,0
1999,-70.0,-62.0,-68.0,-65.0,-81.0,-89.0,-83.0,3
